"id";"change";"budget_type";"bol_number";"pcs_number";"user";"date";"note";"driver_id";"is_edited";"current_rate";"original_rate";"total_miles"
239;0.0;"D";"2006990";"100489";"alex";"2022-08-09 13:58:30.087437";"";57;0;1523.0;1523.0;543
238;95.68;"D";"111CG211X";"100477";"alex";"2022-08-09 13:57:46.082612";"";57;0;1650.0;1745.68;475
237;0.0;"D";"UW1926173";"107777";"alex";"2022-08-09 13:56:54.294813";"";56;0;2500.0;2500.0;848
224;0.0;"D";"";"107729";"bekzod";"2022-08-09 13:36:29.759325";"";45;0;626.54;626.54;191
225;-50.0;"D";"";"107762";"bekzod";"2022-08-09 13:37:02.156019";"";45;0;1500.0;1450.0;454
226;0.0;"D";"0141946";"107724";"alex";"2022-08-09 13:44:15.966467";"PU from Railyard no BOL ,ingate ,outgate tickets are enough";55;0;2250.0;2250.0;704
236;95.68;"L";"1111NFG1X";"107791";"james";"2022-08-09 13:55:33.529952";"";48;0;1650.0;1745.68;474
234;0.0;"D";"SL211264362";"107754";"james";"2022-08-09 13:54:21.508085";"";48;0;1700.0;1700.0;558
235;95.68;"D";"114ZTPLZJ";"100490";"alex";"2022-08-09 13:55:30.804547";"";56;0;1650.0;1745.68;475
233;95.68;"D";"114W2KD6Z";"100491";"alex";"2022-08-09 13:54:00.213981";"";58;0;1650.0;1745.68;475
232;-54.32;"L";"114DKNLWQ";"107721";"james";"2022-08-09 13:53:24.535913";"";48;0;1800.0;1745.68;474
219;-100.0;"D";"";"107756";"bekzod";"2022-08-09 13:32:01.775929";"";26;0;4000.0;3900.0;1388
220;0.0;"D";"";"107719";"bekzod";"2022-08-09 13:34:49.735527";"";60;0;1800.0;1800.0;636
221;-500.0;"D";"";"107757";"bekzod";"2022-08-09 13:35:16.014031";"";60;0;3612.71;3112.71;1770
222;0.0;"D";"632576";"107753";"hannah";"2022-08-09 13:35:35.346043";"";28;0;1550.0;1550.0;629
223;-50.0;"D";"T-111X58C2Z";"107784";"hannah";"2022-08-09 13:36:29.274339";"";16;0;1000.0;950.0;277
231;0.0;"D";"50557383";"107768";"alex";"2022-08-09 13:51:33.391274";"";54;0;900.0;900.0;254
216;0.0;"D";"549";"";"hannah";"2022-08-14 09:50:04.416210";"";23;1;1500.0;1500.0;626
217;-100.0;"D";"";"107771";"bekzod";"2022-08-09 13:31:04.546589";"";21;0;2200.0;2100.0;646
218;-300.0;"L";"1123WTGS8";"";"hannah";"2022-08-10 07:26:26.234059";"";35;1;3000.0;2700.0;610
230;10.0;"D";"12164113";"107743";"james";"2022-08-09 13:53:24.530165";"";48;1;4140.0;4150.0;1488
215;0.0;"D";"";"107769";"bekzod";"2022-08-09 13:30:33.254383";"";21;0;1200.0;1200.0;293
209;100.0;"D";"";"107720";"bekzod";"2022-08-09 13:28:18.445856";"";26;1;2200.0;2300.0;756
210;50.0;"D";"632738";"107785";"hannah";"2022-08-09 13:27:33.389253";"";35;0;1500.0;1550.0;627
211;100.0;"D";"";"107720";"bekzod";"2022-08-09 13:28:18.452175";"";26;0;2200.0;2300.0;756
214;400.0;"D";"115DT59CJ";"";"hannah";"2022-08-14 09:50:25.898816";"";28;1;2300.0;2700.0;610
229;0.0;"D";"12164113";"107743";"james";"2022-08-09 13:50:56.435979";"";48;1;4150.0;4150.0;1488
228;-150.0;"D";"0271161";"107732";"alex";"2022-08-09 13:49:48.576842";"";54;0;1600.0;1450.0;450
227;50.0;"D";"12164113";"107743";"james";"2022-08-09 13:50:36.484026";"";48;1;4100.0;4150.0;1488
212;400.0;"D";"116KQ11F4";"107786";"hannah";"2022-08-14 09:32:04.201886";"";23;1;2300.0;2700.0;610
213;-100.0;"D";"";"107737";"bekzod";"2022-08-09 13:29:48.411855";"";21;0;2400.0;2300.0;872
240;0.0;"D";"0802737";"100500";"alex";"2022-08-09 13:59:28.086896";"";57;0;2800.0;2800.0;1178
241;-100.0;"D";"549408";"107711";"ulugbek";"2022-08-09 13:59:47.618312";"";36;0;1300.0;1200.0;415
242;0.0;"D";"123157";"107761";"ulugbek";"2022-08-09 14:00:35.475373";"";36;0;2300.0;2300.0;944
243;0.0;"D";"384962";"107789";"ulugbek";"2022-08-09 14:16:11.350322";"";36;1;3400.0;3400.0;1222
244;0.0;"D";"1127VGKSQ";"";"hannah";"2022-08-14 09:49:20.729453";"";31;1;1800.0;1800.0;435
245;0.0;"D";"";"";"bekzod";"2022-08-13 07:08:56.982413";"";45;1;800.0;800.0;145
246;-150.0;"D";"4109190";"107751";"ulugbek";"2022-08-09 14:09:36.753387";"";8;0;1150.0;1000.0;374
247;100.0;"D";"C1620";"107787";"ulugbek";"2022-08-09 14:10:15.723039";"";8;0;1800.0;1900.0;470
248;100.0;"D";"C1617";"107736";"ulugbek";"2022-08-09 15:06:59.455681";"";6;1;1800.0;1900.0;460
249;0.0;"D";"22-012925";"107749";"ulugbek";"2022-08-09 14:15:01.985603";"";6;0;2600.0;2600.0;424
250;100.0;"D";"C1621";"107788";"ulugbek";"2022-08-09 14:15:32.837016";"";6;0;1800.0;1900.0;470
251;-200.0;"D";"384962";"107789";"ulugbek";"2022-08-09 14:16:11.356421";"";36;0;3600.0;3400.0;1222
252;-100.0;"D";"115QZCSXX";"107726";"ulugbek";"2022-08-09 14:19:11.396230";"";44;0;1100.0;1000.0;440
253;0.0;"D";"116KXDLK5";"107750";"ulugbek";"2022-08-09 14:19:59.377796";"";44;0;1100.0;1100.0;433
254;-100.0;"D";"032082";"107772";"ulugbek";"2022-08-09 14:20:50.692571";"";44;0;2600.0;2500.0;1096
255;0.0;"D";"331464-14381";"107749";"ulugbek";"2022-08-09 14:21:45.376664";"";24;0;1300.0;1300.0;452
256;100.0;"D";"";"100000";"bekzod";"2022-08-11 14:49:17.987479";"";21;1;1645.0;1745.0;474
257;400.0;"L";"1145NGRGY";"";"max";"2022-08-09 14:48:16.386462";"";7;1;2300.0;2700.0;610
258;100.0;"D";"8A36079";"107747";"max";"2022-08-09 14:34:20.385090";"";7;0;1500.0;1600.0;632
259;400.0;"D";"1153LBY9Q";"";"max";"2022-08-09 14:34:47.767365";"";7;0;2300.0;2700.0;610
260;-300.0;"D";"114LSPQBD";"";"max";"2022-08-09 14:38:18.886289";"";11;1;3000.0;2700.0;1200
261;100.0;"D";"1990067";"107783";"max";"2022-08-09 14:37:56.165651";"";11;0;1500.0;1600.0;610
262;-300.0;"L";"114LSPQBD";"";"max";"2022-08-09 14:38:18.902052";"";11;0;3000.0;2700.0;1200
263;-300.0;"L";"113L8DNTV";"107746";"max";"2022-08-09 14:39:29.638583";"";34;0;3000.0;2700.0;610
264;-100.0;"D";"1028190";"107779";"max";"2022-08-09 14:41:41.443216";"";34;0;1500.0;1400.0;620
265;-54.32;"L";"1116YFMDG";"107730";"james";"2022-08-09 14:41:43.065667";"";46;0;1800.0;1745.68;474
266;-100.0;"D";"539545";"107760";"james";"2022-08-09 14:42:35.731804";"";46;0;1600.0;1500.0;547
267;0.0;"D";"C1615";"107710";"max";"2022-08-09 14:42:53.451606";"";10;0;1800.0;1800.0;430
268;-50.0;"D";"0029896";"107758";"max";"2022-08-09 14:43:43.393084";"";10;0;1300.0;1250.0;458
269;0.0;"D";"111RZQMDF";"107781";"max";"2022-08-09 14:44:16.748322";"";10;0;1800.0;1800.0;430
270;-300.0;"L";"1113ZBDG4";"107708";"max";"2022-08-09 14:45:33.755010";"";20;0;3000.0;2700.0;1200
271;50.0;"D";"12164113";"107743";"james";"2022-08-09 14:45:49.694479";"";37;0;4100.0;4150.0;1488
272;-100.0;"D";"546";"107748";"max";"2022-08-09 14:46:21.683894";"";20;0;1500.0;1400.0;625
273;0.0;"D";"11266YW9Z";"107782";"max";"2022-08-09 14:47:22.081683";"";20;0;644.0;644.0;270
274;400.0;"L";"1145NGRGY";"";"max";"2022-08-11 15:09:00.475335";"";7;1;2300.0;2700.0;610
275;400.0;"D";"1123WTGS8";"";"hannah";"2022-08-09 16:57:35.591429";"";35;1;2300.0;2700.0;610
276;400.0;"D";"114NMBSX7";"";"hannah";"2022-08-10 13:52:41.885202";"";35;1;2300.0;2700.0;610
277;100.0;"D";"C1617";"107736";"admin";"2022-08-09 15:06:59.462347";"";6;0;1800.0;1900.0;470
278;0.0;"D";"PLS# 30617006";"107723";"simon-john";"2022-08-09 15:07:05.199230";"";4;0;1900.0;1900.0;559
279;180.93;"L";"113M11L6Y";"107728";"simon-john";"2022-08-09 15:25:08.618750";"";53;0;2000.0;2180.93;558
280;-50.0;"D";"12165288";"107766";"simon-john";"2022-08-09 15:28:22.519546";"";4;0;1100.0;1050.0;351
281;0.0;"D";"675552";"107796";"simon-john";"2022-08-09 15:29:16.310794";"";4;0;1700.0;1700.0;428
282;0.0;"D";"11393S419";"107715";"simon-john";"2022-08-09 15:30:53.066024";"";38;0;399.1;399.1;84
283;-300.0;"D";"1027364";"107744";"simon-john";"2022-08-09 15:31:57.480856";"";38;0;1300.0;1000.0;493
284;-300.0;"D";"8894593";"107659";"simon-john";"2022-08-09 15:33:52.964601";"";50;0;2100.0;1800.0;730
285;0.0;"D";"BG487847222";"107759";"simon-john";"2022-08-09 15:34:50.647059";"";50;0;1900.0;1900.0;721
286;-100.0;"D";"224443";"107778";"simon-john";"2022-08-09 15:35:35.622329";"";50;0;3000.0;2900.0;1079
287;-1712.88;"D";"113PYQBFN";"107722";"simon-john";"2022-08-09 15:38:04.781732";"";52;0;7000.8;5287.92;2916
288;0.0;"D";"113DHKNNV";"107717";"simon-john";"2022-08-09 15:41:06.782526";"";32;0;175.0;175.0;0
289;100.0;"D";"0316190";"107731";"simon-john";"2022-08-09 15:42:35.298408";"";32;0;2600.0;2700.0;761
290;0.0;"D";"221146";"107774";"simon-john";"2022-08-09 15:49:44.332257";"";32;0;1900.0;1900.0;643
291;900.0;"D";"1580622";"107701";"simon-john";"2022-08-09 15:51:48.939576";"";51;0;2600.0;3500.0;770
292;0.0;"D";"632551";"107741";"simon-john";"2022-08-09 15:52:43.596558";"";51;0;1550.0;1550.0;629
293;180.93;"D";"111B7DYC1";"107776";"simon-john";"2022-08-09 15:53:48.201164";"";51;0;2000.0;2180.93;558
294;-200.0;"D";"381242";"107790";"simon-john";"2022-08-09 15:55:10.048826";"";51;0;200.0;0.0;68
295;0.0;"D";"1139G3XW4";"107765";"simon-john";"2022-08-09 15:56:49.612565";"";25;0;2200.0;2200.0;950
296;0.0;"D";"115W76NFV";"107716";"simon-john";"2022-08-09 15:57:44.493667";"";39;0;547.02;547.02;137
297;0.0;"D";"1136Z9GM3";"107739";"simon-john";"2022-08-09 15:58:41.623674";"";39;0;900.0;900.0;341
298;0.0;"D";"111V83HGV";"107764";"simon-john";"2022-08-09 16:01:12.627924";"";39;0;1745.68;1745.68;474
299;0.0;"D";"116VPKYXH";"107714";"simon-john";"2022-08-09 16:02:26.904058";"";30;0;723.5;723.5;198
300;200.0;"D";"1198705";"107742";"simon-john";"2022-08-09 16:03:42.895985";"";30;0;1600.0;1800.0;520
301;95.68;"D";"1164ZHW9L";"107773";"simon-john";"2022-08-09 16:04:32.286418";"";30;0;1650.0;1745.68;474
302;95.68;"L";"114PBTCQP";"";"james";"2022-08-09 16:05:45.094296";"";46;0;1650.0;1745.68;474
303;0.0;"D";"";"000000";"bekzod";"2022-08-10 12:16:51.736327";"";26;1;2500.0;2500.0;870
304;400.0;"D";"1123WTGS8";"";"admin";"2022-08-09 16:58:09.417439";"";35;1;2300.0;2700.0;610
305;0.0;"D";"";"";"admin";"2022-08-10 07:29:03.474509";"";35;1;1.0;1.0;1
306;-300.0;"L";"1123WTGS8";"";"hannah";"2022-08-14 07:10:27.783559";"";35;1;3000.0;2700.0;610
307;400.0;"D";"114M7MWY9";"";"hannah";"2022-08-10 13:27:35.783746";"";35;1;2300.0;2700.0;1
308;0.0;"D";"111TN2CW2";"";"james";"2022-08-10 08:01:04.162682";"";37;0;2900.0;2900.0;1085
309;0.0;"D";"1990067";"107811";"ulugbek";"2022-08-10 10:46:29.932885";"";8;0;1400.0;1400.0;426
310;-600.0;"D";"C1623";"107813";"ulugbek";"2022-08-10 10:46:58.808216";"";14;0;2500.0;1900.0;460
311;100.0;"D";"C1622";"107814";"ulugbek";"2022-08-10 10:47:26.762655";"";24;0;1800.0;1900.0;460
312;100.0;"D";"1158L4JXX";"107816";"ulugbek";"2022-08-11 13:32:00.410272";"";44;1;2000.0;2100.0;613
313;0.0;"D";"";"107818";"bekzod";"2022-08-10 12:16:51.741002";"";26;0;2590.57;2590.57;870
314;100.0;"D";"334376";"107820";"ulugbek";"2022-08-10 12:23:24.932640";"";6;0;1300.0;1400.0;484
315;400.0;"D";"114M7MWY9";"";"admin";"2022-08-14 09:33:08.458136";"";35;1;2300.0;2700.0;610
316;-100.0;"D";"16581";"107817";"hannah";"2022-08-10 13:51:13.743579";"";28;0;1500.0;1400.0;625
317;400.0;"D";"113X7ZH9S";"";"hannah";"2022-08-14 09:49:03.533750";"";35;1;2300.0;2700.0;610
318;-100.0;"D";"2011058";"";"james";"2022-08-11 08:58:48.873377";"";48;1;1400.0;1300.0;494
319;200.0;"D";"";"000000";"bekzod";"2022-08-13 07:08:39.052651";"";45;1;1600.0;1800.0;520
320;200.0;"D";"1199024";"107810";"simon-john";"2022-08-11 04:26:24.897907";"";43;1;1600.0;1800.0;526
321;200.0;"D";"1199024";"107810";"simon-john";"2022-08-11 04:26:24.903522";"";43;0;1600.0;1800.0;526
322;86.19;"D";"1111LZ4S8";"107830";"simon-john";"2022-08-11 04:28:38.291918";"";43;0;1650.0;1736.19;475
323;-50.0;"D";"100685";"";"hannah";"2022-08-14 09:48:48.985557";"";35;1;1500.0;1450.0;620
324;-50.0;"D";"0073041";"";"hannah";"2022-08-14 09:48:29.009873";"";31;1;1200.0;1150.0;438
325;-350.0;"D";"2011058";"";"james";"2022-08-11 08:58:48.879012";"";48;0;1650.0;1300.0;494
326;0.0;"D";"";"000000";"bekzod";"2022-08-11 13:11:04.673968";"";21;1;2000.0;2000.0;400
327;245.0;"D";"";"000000";"bekzod";"2022-08-11 13:10:46.169713";"";45;1;1500.0;1745.0;474
328;-100.0;"D";"334496";"107839";"ulugbek";"2022-08-11 12:29:54.513151";"";24;0;1500.0;1400.0;484
329;0.0;"D";"670570";"107840";"ulugbek";"2022-08-11 12:30:33.503860";"";14;0;1200.0;1200.0;432
330;0.0;"D";"22-013001";"";"ulugbek";"2022-08-11 12:31:19.663210";"";36;0;2600.0;2600.0;432
331;100.0;"D";"C1624";"107842";"ulugbek";"2022-08-11 12:31:45.420103";"";6;0;1800.0;1900.0;460
332;100.0;"D";"C1625";"107843";"ulugbek";"2022-08-11 12:32:03.604625";"";8;0;1800.0;1900.0;460
333;-100.0;"D";"184773";"";"james";"2022-08-11 12:34:05.930068";"";46;0;1000.0;900.0;362
334;145.0;"D";"";"000000";"bekzod";"2022-08-11 13:24:02.564623";"";45;1;1600.0;1745.0;474
335;0.0;"D";"";"000000";"bekzod";"2022-08-11 14:49:03.705698";"";21;1;2000.0;2000.0;400
336;45.0;"D";"";"000000";"bekzod";"2022-08-11 14:48:49.996080";"";45;1;1700.0;1745.0;474
337;700.0;"L";"1158L4JXX";"107816";"ulugbek";"2022-08-11 13:32:00.416032";"";44;0;2000.0;2700.0;613
338;-100.0;"D";"";"000000";"bekzod";"2022-08-12 14:00:51.406583";"";26;1;1000.0;900.0;310
339;45.0;"D";"";"107845";"bekzod";"2022-08-11 14:48:50.021748";"";45;0;1700.0;1745.0;474
340;0.0;"D";"";"107848";"bekzod";"2022-08-11 14:49:03.710354";"";21;0;2000.0;2000.0;400
341;100.0;"D";"";"107823";"bekzod";"2022-08-11 14:49:17.994635";"";21;0;1645.0;1745.0;474
342;400.0;"D";"114NMBSX7";"107828";"max";"2022-08-11 15:05:46.741814";"";11;0;2300.0;2700.0;600
343;-900.0;"R";"1149H52XS";"107846";"max";"2022-08-11 15:07:57.503350";"";34;1;3000.0;2100.0;1000
344;-900.0;"R";"1149H52XS";"107846";"max";"2022-08-11 15:07:57.513217";"900 added for trailer move of STL";34;0;3000.0;2100.0;1000
345;400.0;"D";"1145NGRGY";"";"max";"2022-08-11 15:09:00.487432";"";7;0;2300.0;2700.0;610
346;400.0;"D";"1168FPR1G";"";"hannah";"2022-08-14 09:48:11.318731";"";28;1;2300.0;2700.0;610
347;-100.0;"D";"1389346";"107812";"max";"2022-08-11 15:10:06.806348";"";7;0;1500.0;1400.0;600
348;95.68;"L";"112KK76BD";"";"james";"2022-08-11 18:04:58.928510";"";46;1;1650.0;1745.68;474
349;95.68;"L";"1166FNQGY";"";"james";"2022-08-11 18:03:41.553093";"";46;0;1650.0;1745.68;474
350;0.0;"D";"0";"";"james";"2022-08-11 18:04:58.934371";"";46;0;0.0;0.0;0
351;95.68;"L";"112KK76BD";"";"james";"2022-08-11 18:08:32.932338";"";48;0;1650.0;1745.68;474
352;-300.0;"D";"";"000000";"bekzod";"2022-08-12 13:21:32.023113";"";21;1;3000.0;2700.0;610
353;400.0;"D";"111D3X25F";"";"hannah";"2022-08-14 09:46:39.666734";"";35;1;2300.0;2700.0;610
354;0.0;"D";"";"000000";"bekzod";"2022-08-12 14:00:34.369059";"";26;1;2399.0;2399.0;672
355;-300.0;"D";"";"107873";"bekzod";"2022-08-12 13:21:32.027923";"";21;1;3000.0;2700.0;610
356;100.0;"D";"1199396";"107827";"simon-john";"2022-08-12 13:37:30.700679";"";4;0;1950.0;2050.0;526
357;86.19;"D";"116K5X989";"107852";"simon-john";"2022-08-12 13:38:23.215040";"";4;0;1650.0;1736.19;470
358;0.0;"D";"1199913";"107859";"simon-john";"2022-08-12 13:39:36.534144";"";52;0;1800.0;1800.0;517
359;0.0;"D";"70310690";"107855";"simon-john";"2022-08-12 13:42:32.137100";"";50;0;1700.0;1700.0;445
360;-150.0;"D";"107826";"4435";"simon-john";"2022-08-12 13:48:00.454085";"";53;0;3000.0;2850.0;1120
361;100.0;"D";"107798";"21627145";"simon-john";"2022-08-12 13:51:09.384769";"";53;0;2700.0;2800.0;870
362;0.0;"D";"";"107879";"bekzod";"2022-08-12 14:00:34.373811";"";26;0;2399.0;2399.0;672
363;-100.0;"D";"";"107857";"bekzod";"2022-08-12 14:00:51.411203";"";26;0;1000.0;900.0;310
364;-31.0;"D";"115Y6NLH9";"100508";"alex";"2022-08-12 14:13:23.884521";"";54;0;2200.0;2169.0;558
365;300.0;"D";"21676642";"100521";"alex";"2022-08-12 14:14:25.272445";"";54;0;1350.0;1650.0;301
366;0.0;"D";"1199919";"100524";"alex";"2022-08-12 14:14:50.605489";"";54;0;1800.0;1800.0;517
367;-500.0;"D";"116K4MB73";"107872";"max";"2022-08-12 14:15:47.687606";"";11;0;3200.0;2700.0;1200
368;-100.0;"D";"E462416";"107876";"max";"2022-08-12 14:16:32.180073";"";7;0;1600.0;1500.0;600
369;-300.0;"D";"114L3FXJ4";"107849";"max";"2022-08-12 14:16:59.842535";"";7;0;3000.0;2700.0;1200
370;100.0;"D";"238149";"100514";"alex";"2022-08-12 14:18:27.326077";"";56;0;2000.0;2100.0;570
371;-150.0;"D";"758";"100516";"alex";"2022-08-12 14:20:00.598226";"";57;0;1500.0;1350.0;756
372;95.68;"D";"112K4CYDM";"107801";"simon-john";"2022-08-12 14:23:54.269651";"";38;1;1650.0;1745.68;470
373;-100.0;"L";"22-013001";"107808";"max";"2022-08-12 14:21:24.192361";"";10;0;1300.0;1200.0;450
374;0.0;"D";"1RE-388474";"";"hannah";"2022-08-14 09:43:07.741914";"";16;1;1300.0;1300.0;471
375;-175.0;"D";"107844";"1852859";"simon-john";"2022-08-12 14:21:42.550437";"";38;0;1600.0;1425.0;480
376;86.19;"D";"116CKDK27";"";"simon-john";"2022-08-12 14:22:45.335636";"";38;0;1650.0;1736.19;470
377;0.0;"D";"113BDGJTY";"107835";"max";"2022-08-12 14:22:47.819423";"";10;0;1800.0;1800.0;450
378;-100.0;"L";"8213173";"107864";"max";"2022-08-12 14:23:18.776455";"";10;0;1450.0;1350.0;450
379;-504.32;"L";"112K4CYDM";"107801";"simon-john";"2022-08-12 14:23:54.279982";"";38;0;2250.0;1745.68;470
380;0.0;"D";"112SVTW2K";"";"hannah";"2022-08-14 09:42:22.580839";"";16;1;2363.04;2363.04;736
381;0.0;"D";"1157HBPPP";"";"hannah";"2022-08-14 09:41:07.886762";"";16;1;850.0;850.0;268
382;-100.0;"D";"1404017";"";"hannah";"2022-08-14 09:40:52.454909";"";28;1;1500.0;1400.0;625
383;400.0;"D";"113BCVXJF";"";"hannah";"2022-08-14 09:40:32.217265";"";28;1;2300.0;2700.0;610
384;0.0;"D";"8478765";"107865";"simon-john";"2022-08-12 14:35:19.725032";"";42;0;2250.0;2250.0;880
385;0.0;"D";"36322";"107824";"simon-john";"2022-08-12 14:37:19.354868";"";32;0;3650.0;3650.0;1140
386;100.0;"D";"0026786";"107860";"simon-john";"2022-08-12 14:38:13.222099";"";32;0;4200.0;4300.0;1530
387;169.76;"D";"111S7XNP9";"";"simon-john";"2022-08-12 14:40:37.855204";"";51;0;2000.0;2169.76;550
388;0.0;"D";"7278153";"107821";"simon-john";"2022-08-12 14:42:24.600203";"";25;0;1100.0;1100.0;280
389;650.0;"D";"0249925";"107875";"simon-john";"2022-08-12 14:43:48.011632";"";30;0;550.0;1200.0;514
390;400.0;"D";"112X8B3CZ";"107702";"max";"2022-08-12 14:52:33.796333";"";34;0;2300.0;2700.0;600
391;200.0;"D";"";"107829";"bekzod";"2022-08-13 07:08:39.058093";"";45;0;1600.0;1800.0;520
392;0.0;"D";"";"107800";"bekzod";"2022-08-13 07:08:56.987465";"";45;0;800.0;800.0;145
393;100.0;"D";"C1626";"107869";"ulugbek";"2022-08-13 09:14:17.022692";"";24;0;1800.0;1900.0;460
394;0.0;"D";"C1627";"107870";"ulugbek";"2022-08-13 09:14:48.397627";"";14;0;1800.0;1800.0;460
395;100.0;"D";"1125BJD1S";"107871";"ulugbek";"2022-08-13 09:15:30.955209";"";36;0;2600.0;2700.0;609
396;-150.0;"D";"10161";"107877";"ulugbek";"2022-08-13 09:16:21.730444";"";8;0;1200.0;1050.0;409
397;0.0;"D";"117772";"107878";"ulugbek";"2022-08-13 09:16:50.599497";"";6;0;1500.0;1500.0;478
398;-100.0;"D";"";"000000";"bekzod";"2022-08-13 11:46:11.134768";"";45;1;441.0;341.0;98
399;-200.0;"D";"549887";"107894";"ulugbek";"2022-08-13 14:12:48.055028";"";24;0;1200.0;1000.0;380
400;-200.0;"D";"107895";"107895";"ulugbek";"2022-08-13 14:13:13.406051";"";14;0;1200.0;1000.0;380
401;-300.0;"D";"113ZL75LT";"";"ulugbek";"2022-08-13 14:13:38.624587";"";61;0;3000.0;2700.0;1200
402;100.0;"D";"C1628";"107899";"ulugbek";"2022-08-13 14:14:08.155280";"";8;0;1800.0;1900.0;460
403;-300.0;"D";"111J91QLB";"";"ulugbek";"2022-08-13 14:14:42.942249";"";36;1;3000.0;2700.0;1200
404;0.0;"D";"112X9RWK2";"";"hannah";"2022-08-14 09:39:58.668444";"";16;1;1375.0;1375.0;480
405;0.0;"D";"1141L6NPN";"";"hannah";"2022-08-14 09:34:48.299621";"";16;1;900.0;900.0;287
406;-150.0;"D";"1044674";"";"hannah";"2022-08-14 09:34:34.742136";"";16;1;1750.0;1600.0;668
407;-300.0;"D";"1123WTGS8";"";"hannah";"2022-08-14 09:34:21.193590";"";35;1;3000.0;2700.0;610
408;0.0;"D";"11433866X";"";"hannah";"2022-08-14 09:34:01.236699";"";64;1;1800.0;1800.0;435
409;-100.0;"D";"549942";"";"hannah";"2022-08-14 09:33:48.259650";"";64;1;1200.0;1100.0;388
410;300.0;"D";"111BWC17J";"";"hannah";"2022-08-14 09:33:33.814088";"";64;1;2400.0;2700.0;815
411;-300.0;"D";"1148XF9LM";"107908";"hannah";"2022-08-14 09:23:06.151835";"";35;1;3000.0;2700.0;1200
412;400.0;"D";"116KQ11F4";"107786";"hannah";"2022-08-13 09:32:04.213785";"";23;0;2300.0;2700.0;610
413;400.0;"D";"114M7MWY9";"107725";"hannah";"2022-08-13 09:33:08.463612";"";35;0;2300.0;2700.0;610
414;300.0;"D";"111BWC17J";"107909";"hannah";"2022-08-14 09:33:33.828293";"";64;0;2400.0;2700.0;815
415;-100.0;"D";"549942";"107892";"hannah";"2022-08-13 09:33:48.272530";"";64;0;1200.0;1100.0;388
416;0.0;"D";"11433866X";"107868";"hannah";"2022-08-13 09:34:01.274744";"";64;0;1800.0;1800.0;435
417;-300.0;"D";"1123WTGS8";"107752";"hannah";"2022-08-13 09:34:21.200668";"";35;0;3000.0;2700.0;610
418;-150.0;"D";"1044674";"107904";"hannah";"2022-08-13 09:34:34.751121";"";16;0;1750.0;1600.0;668
419;0.0;"D";"1141L6NPN";"107887";"hannah";"2022-08-13 09:34:48.304435";"";16;0;900.0;900.0;287
420;0.0;"D";"1149HS";"107884";"hannah";"2022-08-13 09:39:58.673626";"";16;0;1375.0;1375.0;480
421;400.0;"D";"113BCVXJF";"107893";"hannah";"2022-08-13 09:40:32.222794";"";28;0;2300.0;2700.0;610
422;-100.0;"D";"1404017";"107866";"hannah";"2022-08-13 09:40:52.475011";"";28;0;1500.0;1400.0;625
423;0.0;"D";"1157HBPPP";"107805";"hannah";"2022-08-13 09:41:07.891805";"";16;0;850.0;850.0;268
424;0.0;"D";"112SVTW2K";"107831";"hannah";"2022-08-13 09:42:22.587624";"";16;0;2363.04;2363.04;736
425;0.0;"D";"1RE-388474";"107883";"hannah";"2022-08-13 09:43:07.747509";"";16;0;1300.0;1300.0;471
426;400.0;"D";"111D3X25F";"107867";"hannah";"2022-08-13 09:46:39.672018";"";35;0;2300.0;2700.0;610
427;400.0;"D";"1168FPR1G";"107838";"hannah";"2022-08-13 09:48:11.347075";"";28;0;2300.0;2700.0;610
428;-50.0;"D";"0073041";"107836";"hannah";"2022-08-13 09:48:29.023912";"";31;0;1200.0;1150.0;438
429;-50.0;"D";"100685";"107837";"hannah";"2022-08-13 09:48:48.990699";"";35;0;1500.0;1450.0;620
430;400.0;"D";"113X7ZH9S";"107825";"hannah";"2022-08-13 09:49:03.538102";"";35;0;2300.0;2700.0;610
431;0.0;"D";"1127VGKSQ";"107815";"hannah";"2022-08-13 09:49:20.733999";"";31;0;1800.0;1800.0;435
432;0.0;"D";"549";"107755";"hannah";"2022-08-13 09:50:04.422090";"";23;0;1500.0;1500.0;626
433;400.0;"D";"115DT59CJ";"107795";"hannah";"2022-08-13 09:50:25.903296";"";28;0;2300.0;2700.0;610
434;-300.0;"L";"";"107915";"bekzod";"2022-08-15 06:19:37.886061";"";21;1;3000.0;2700.0;612
435;-300.0;"L";"";"107915";"admin";"2022-08-15 06:19:37.886061";"";21;0;3000.0;2700.0;612
436;-300.0;"D";"1148XF9LM";"107908";"hannah";"2022-08-14 09:23:06.151835";"";35;0;3000.0;2700.0;1200
437;-15.0;"D";"555055";"171555";"bekzod";"2022-08-15 09:41:19.318145";"";49;1;1300.0;1285.0;504
438;-350.0;"D";"";"000000";"bekzod";"2022-08-15 09:56:49.605651";"";45;1;2300.0;1950.0;1020
439;-300.0;"D";"1148XF9LM";"107908";"hannah";"2022-08-15 11:12:03.499032";"";35;0;3000.0;2700.0;610
440;-150.0;"D";"52099";"107937";"hannah";"2022-08-15 11:12:34.798338";"";64;1;1600.0;1450.0;623
441;0.0;"D";"114P7M5SB";"107930";"hannah";"2022-08-15 11:13:37.750367";"";16;0;1300.83;1300.83;393
442;-100.0;"D";"NAD1351941";"107938";"hannah";"2022-08-15 11:14:08.468777";"";28;0;1600.0;1500.0;623
443;400.0;"D";"112F85FNL";"";"hannah";"2022-08-15 11:15:51.495227";"";28;1;2300.0;2700.0;610
444;400.0;"D";"1133629DK";"";"hannah";"2022-08-15 11:16:12.625170";"";64;1;2300.0;2700.0;610
445;0.0;"D";"";"000000";"bekzod";"2022-08-15 11:39:12.538854";"";21;1;1700.0;1700.0;601
446;620.79;"D";"116WBJXKF";"107926";"james";"2022-08-15 15:06:59.450923";"";37;0;2250.0;2870.79;699
447;-200.0;"D";"115H9TLR4";"107948";"james";"2022-08-15 15:07:27.894042";"";37;0;2100.0;1900.0;908
448;-613.81;"L";"113J4RXFR";"107903";"james";"2022-08-15 15:08:27.820225";"";46;0;2350.0;1736.19;474
449;0.0;"D";"136320531";"";"james";"2022-08-15 15:09:01.048957";"";46;1;1800.0;1800.0;618
450;86.19;"L";"111L7R7DZ";"";"james";"2022-08-15 15:09:32.782530";"";48;0;1650.0;1736.19;474
451;-113.81;"L";"114MKX6TK";"";"james";"2022-08-15 15:10:19.491093";"";48;0;1850.0;1736.19;474
452;200.0;"D";"136308834";"";"james";"2022-08-15 15:11:24.162920";"";48;0;1600.0;1800.0;562
453;86.19;"L";"116RSY96V";"";"james";"2022-08-15 15:12:17.211453";"";48;0;1650.0;1736.19;474
454;0.0;"D";"555055";"171555";"bekzod";"2022-08-15 09:41:19.318145";"";49;0;1500.0;1500.0;504
455;-300.0;"D";"";"107936";"bekzod";"2022-08-15 09:56:49.605651";"";45;0;4300.0;4000.0;1020
456;100.0;"D";"";"000000";"bekzod";"2022-08-16 05:17:42.181669";"";49;1;1636.0;1736.0;474
457;86.0;"D";"";"000000";"bekzod";"2022-08-16 05:17:42.181669";"";49;1;1650.0;1736.0;474
458;0.0;"D";"";"000000";"bekzod";"2022-08-16 08:49:57.923486";"";45;1;1900.0;1900.0;1090
459;-100.0;"D";"";"000000";"bekzod";"2022-08-16 09:34:07.471554";"";60;0;1600.0;1500.0;620
460;300.0;"D";"";"000000";"bekzod";"2022-08-16 10:05:14.495633";"";60;0;0.0;300.0;0
461;-300.0;"L";"111J91QLB";"107905";"ulugbek";"2022-08-16 10:21:42.467850";"";36;0;3000.0;2700.0;1200
462;-100.0;"D";"549925";"107912";"ulugbek";"2022-08-16 10:22:13.956521";"";8;0;1200.0;1100.0;380
463;100.0;"D";"C1636";"107913";"ulugbek";"2022-08-16 10:22:40.249261";"";24;0;1800.0;1900.0;460
464;-100.0;"D";"16619";"107965";"hannah";"2022-08-16 10:22:51.464844";"";35;0;1500.0;1400.0;625
465;0.0;"D";"114VFRLV7";"107921";"ulugbek";"2022-08-16 10:23:03.883962";"";14;0;1800.0;1800.0;435
466;-100.0;"D";"VB-YFS-FM3";"107940";"ulugbek";"2022-08-16 10:23:45.784913";"";36;0;1900.0;1800.0;629
467;100.0;"D";"C1637";"107941";"ulugbek";"2022-08-16 10:24:05.937501";"";8;0;1800.0;1900.0;460
468;0.0;"D";"178662";"107943";"ulugbek";"2022-08-16 10:24:36.413458";"";14;0;1200.0;1200.0;452
469;-150.0;"D";"574";"107946";"hannah";"2022-08-15 11:12:34.798338";"";64;0;1550.0;1400.0;623
470;-100.0;"D";"3252299";"107947";"ulugbek";"2022-08-16 10:25:12.654779";"";61;0;1600.0;1500.0;593
471;800.0;"D";"22-013047";"107949";"ulugbek";"2022-08-16 10:25:34.221436";"";24;0;1800.0;2600.0;432
472;400.0;"D";"112F85FNL";"107963";"hannah";"2022-08-15 11:16:12.625170";"";64;0;2300.0;2700.0;610
473;-300.0;"D";"111J91QLB";"";"ulugbek";"2022-08-13 14:14:42.942249";"";36;0;3000.0;2700.0;1200
474;400.0;"D";"1133629DK";"107966";"hannah";"2022-08-15 11:15:51.495227";"";28;0;2300.0;2700.0;610
475;0.0;"D";"114LRHY1F";"107956";"hannah";"2022-08-16 10:31:44.849101";"";16;0;1600.0;1600.0;366
476;100.0;"D";"";"000000";"bekzod";"2022-08-16 11:55:55.164364";"";60;0;2000.0;2100.0;610
477;0.0;"D";"113DN4FZZ";"107928";"hannah";"2022-08-16 13:17:16.799944";"";16;0;1250.0;1250.0;362
478;-300.0;"D";"116KLQXSB";"107891";"max";"2022-08-16 13:47:48.792872";"";7;0;3000.0;2700.0;1200
479;-100.0;"D";"E462416";"107876";"max";"2022-08-16 13:48:18.049982";"";7;0;1600.0;1500.0;600
480;400.0;"D";"113HY5H74";"107950";"max";"2022-08-16 13:50:07.166471";"";7;0;2300.0;2700.0;600
481;-100.0;"D";"27487";"107969";"max";"2022-08-16 13:50:50.571319";"";7;0;1500.0;1400.0;600
482;-500.0;"D";"116K4MB73";"107872";"max";"2022-08-16 13:54:25.847330";"";11;0;3200.0;2700.0;1215
483;-300.0;"D";"111X585GC";"107916";"max";"2022-08-16 13:55:11.515152";"";11;0;3000.0;2700.0;1200
484;0.0;"D";"3251103";"107964";"max";"2022-08-16 13:56:07.304486";"";11;0;1500.0;1500.0;600
485;-300.0;"D";"1111HRN45";"107970";"max";"2022-08-16 13:58:12.106483";"";34;0;3000.0;2700.0;1200
486;100.0;"D";"C1639";"107959";"ulugbek";"2022-08-16 14:18:12.817653";"";6;0;1800.0;1900.0;460
487;100.0;"D";"C1640";"107960";"ulugbek";"2022-08-16 14:18:36.542164";"";14;0;1800.0;1900.0;460
488;-100.0;"D";"12128242";"107961";"ulugbek";"2022-08-16 14:19:06.820480";"";8;0;1245.0;1145.0;445
489;-200.0;"D";"558";"107962";"ulugbek";"2022-08-16 14:19:55.289324";"";44;0;1700.0;1500.0;609
490;100.0;"D";"1116SDWQZ";"107974";"ulugbek";"2022-08-16 14:20:22.970401";"";36;1;2000.0;2100.0;612
491;0.0;"D";"";"";"james";"2022-08-15 15:09:01.048957";"";46;0;0.0;0.0;0
492;0.0;"D";"113SKDCJ6";"";"james";"2022-08-17 07:53:51.193787";"";37;0;1500.0;1500.0;591
493;-200.0;"D";"";"000000";"bekzod";"2022-08-17 08:11:15.212778";"";21;1;2100.0;1900.0;690
494;-50.0;"D";"3263595";"";"hannah";"2022-08-17 11:41:54.410994";"";64;1;2200.0;2150.0;645
495;-100.0;"D";"0500222";"";"hannah";"2022-08-17 11:42:27.937242";"";28;0;1500.0;1400.0;621
496;400.0;"D";"112N32B32";"";"hannah";"2022-08-17 11:43:09.724311";"";64;0;2300.0;2700.0;610
497;400.0;"D";"11676WKBY";"";"hannah";"2022-08-17 11:43:26.965322";"";28;0;2300.0;2700.0;610
498;400.0;"D";"11693JPFQ";"";"hannah";"2022-08-17 11:44:08.969034";"";35;0;2300.0;2700.0;610
499;100.0;"D";"1116SDWQZ";"107974";"ulugbek";"2022-08-16 14:20:22.970401";"";61;0;2000.0;2100.0;612
500;-303.01;"D";"111CG3WZ3";"107974";"ulugbek";"2022-08-17 11:47:13.386842";"";24;0;1700.0;1396.99;439
501;-50.0;"D";"X97-KWCV";"";"ulugbek";"2022-08-17 11:48:12.935830";"";6;0;1300.0;1250.0;460
502;-150.0;"D";"1150610";"";"ulugbek";"2022-08-17 11:48:31.504789";"";24;0;1300.0;1150.0;435
503;-100.0;"D";"C1642";"";"ulugbek";"2022-08-17 11:49:02.897277";"";36;0;2000.0;1900.0;620
504;100.0;"D";"C1641";"";"ulugbek";"2022-08-17 11:49:22.740020";"";8;0;1800.0;1900.0;460
505;0.0;"D";"UW1928010";"";"ulugbek";"2022-08-17 11:49:45.894061";"";61;0;1600.0;1600.0;595
506;1100.0;"D";"22-013094";"";"ulugbek";"2022-08-17 11:50:04.351207";"";14;0;1500.0;2600.0;432
507;-400.0;"D";"1044892";"";"ulugbek";"2022-08-17 11:50:58.258220";"";44;0;700.0;300.0;268
508;150.0;"D";"112CMGBJG";"";"ulugbek";"2022-08-17 11:51:23.229831";"";44;0;2000.0;2150.0;620
509;4700.0;"R";"2915056";"";"james";"2022-08-17 13:37:50.808411";"";48;1;1800.0;6500.0;459
510;423.6;"L";"11262YKSK";"";"james";"2022-08-17 13:38:27.385962";"";37;0;2350.0;2773.6;761
511;82.0;"S";"";"000000";"bekzod";"2022-08-18 06:22:03.649032";"";49;1;1627.0;1709.0;506
512;0.0;"D";"";"108018";"bekzod";"2022-08-18 06:22:41.833137";"";45;0;3000.0;3000.0;1189
513;600.0;"D";"";"108011";"bekzod";"2022-08-18 07:02:20.308786";"";26;0;500.0;1100.0;0
514;-250.0;"D";"";"000000";"bekzod";"2022-08-18 07:41:45.794927";"";26;1;1700.0;1450.0;748
515;4700.0;"L";"2915056";"";"admin";"2022-08-17 13:37:50.808411";"";48;1;1800.0;6500.0;459
516;4700.0;"D";"2915056";"";"admin";"2022-08-17 13:37:50.808411";"";48;0;1800.0;6500.0;459
517;0.0;"D";"";"107873";"bekzod";"2022-08-12 13:21:32.027923";"";21;1;3000.0;3000.0;610
518;-300.0;"D";"";"000000";"bekzod";"2022-08-18 11:13:07.109401";"";21;1;2600.0;2300.0;742
519;-150.0;"D";"";"000000";"bekzod";"2022-08-18 11:13:29.687828";"";60;0;1600.0;1450.0;600
520;-100.0;"D";"16640";"";"hannah";"2022-08-18 11:15:57.092063";"";35;0;1500.0;1400.0;604
521;-100.0;"D";"1411281";"";"hannah";"2022-08-18 11:17:09.245251";"";28;0;1500.0;1400.0;610
522;-50.0;"D";"3263595";"";"hannah";"2022-08-17 11:41:54.410994";"";64;0;2200.0;2150.0;645
523;-200.0;"D";"";"000000";"bekzod";"2022-08-18 11:49:45.557251";"Comp trl move: $500 from comp bdgt, $200 from drv bdgt";49;1;700.0;500.0;214
524;0.0;"D";"";"107873";"bekzod";"2022-08-12 13:21:32.027923";"$300 from comp bdgt (lane)";21;0;3000.0;3000.0;610
525;100.0;"D";"";"000000";"bekzod";"2022-08-18 12:37:32.626933";"";60;0;2000.0;2100.0;615
526;-100.0;"D";"22-013112";"108033";"ulugbek";"2022-08-18 13:21:26.545347";"";8;0;1300.0;1200.0;432
527;0.0;"D";"13549";"108034";"ulugbek";"2022-08-18 13:21:56.295873";"";44;0;1350.0;1350.0;430
528;0.0;"D";"13550";"108035";"ulugbek";"2022-08-18 13:22:21.806926";"";36;0;1350.0;1350.0;430
529;100.0;"D";"C1643";"108036";"ulugbek";"2022-08-18 13:22:51.576292";"";6;0;1800.0;1900.0;460
530;-100.0;"D";"113N6MBL3";"108037";"ulugbek";"2022-08-18 13:23:19.687897";"";14;0;1600.0;1500.0;380
531;100.0;"D";"1151NLNYX";"108039";"ulugbek";"2022-08-18 13:23:44.398703";"";61;0;2000.0;2100.0;612
532;-513.81;"L";"";"";"simon-john";"2022-08-18 14:14:47.906380";"";38;1;2250.0;1736.19;474
533;-513.81;"L";"136306690";"";"simon-john";"2022-08-18 14:14:47.906380";"";38;0;2250.0;1736.19;474
534;200.0;"D";"";"";"simon-john";"2022-08-18 14:18:43.665664";"";38;0;1600.0;1800.0;460
535;158.58;"L";"111N6DP2Q";"";"simon-john";"2022-08-18 14:19:47.346686";"";38;0;2000.0;2158.58;558
536;-200.0;"D";"5195536";"";"simon-john";"2022-08-18 14:20:42.066355";"";38;1;1500.0;1300.0;570
537;-150.0;"L";"5195536";"";"simon-john";"2022-08-18 14:20:42.066355";"";38;1;1550.0;1400.0;503
538;-150.0;"L";"5195536";"";"simon-john";"2022-08-18 14:20:42.066355";"";38;0;1550.0;1400.0;503
539;0.0;"D";"857793";"";"simon-john";"2022-08-18 14:24:25.212286";"";50;0;1650.0;1650.0;711
540;0.0;"D";"214494";"";"simon-john";"2022-08-18 14:25:44.720807";"";50;0;1500.0;1500.0;574
541;-150.0;"D";"81659";"";"simon-john";"2022-08-18 14:26:33.000471";"";50;0;2300.0;2150.0;776
542;0.0;"D";"144278";"";"simon-john";"2022-08-18 14:28:47.103562";"";53;0;4000.0;4000.0;1311
543;-600.0;"D";"2579353";"";"simon-john";"2022-08-18 14:29:47.549222";"";53;1;3200.0;2600.0;1363
544;-500.0;"D";"2579353";"";"simon-john";"2022-08-18 14:29:47.549222";"";53;0;3200.0;2700.0;1363
545;0.0;"D";"114SP937W";"";"simon-john";"2022-08-18 14:32:28.055603";"";66;0;948.14;948.14;308
546;-113.81;"L";"1128JP659";"";"simon-john";"2022-08-18 14:34:15.614876";"";66;0;1850.0;1736.19;475
547;0.0;"D";"12132160";"";"simon-john";"2022-08-18 14:36:01.774626";"";66;0;1500.0;1500.0;432
548;76.69;"L";"115KVH437";"";"simon-john";"2022-08-18 14:36:47.569428";"";66;0;1650.0;1726.69;475
549;-200.0;"D";"21721684";"";"simon-john";"2022-08-18 14:37:32.423327";"";66;0;1700.0;1500.0;606
550;100.0;"D";"0026786";"";"simon-john";"2022-08-18 14:39:29.405178";"";32;0;4200.0;4300.0;1535
551;-150.0;"L";"1178511";"";"simon-john";"2022-08-18 14:41:43.986118";"";52;0;1800.0;1650.0;500
552;-123.31;"D";"113HT55XL";"";"simon-john";"2022-08-18 14:42:27.734529";"";52;0;1850.0;1726.69;474
553;-100.0;"L";"U3051550";"";"simon-john";"2022-08-18 14:43:39.450169";"";52;0;1050.0;950.0;379
554;-100.0;"D";"602763";"";"simon-john";"2022-08-18 14:45:27.529107";"";51;0;1500.0;1400.0;503
555;169.76;"L";"114JDN83J";"";"simon-john";"2022-08-18 14:46:06.103744";"";51;0;2000.0;2169.76;558
556;0.0;"D";"136327228";"";"simon-john";"2022-08-18 14:47:20.541626";"";51;0;1645.0;1645.0;618
557;158.58;"L";"113FZ6BDD";"";"simon-john";"2022-08-18 14:48:00.466566";"";51;0;2000.0;2158.58;558
558;-200.0;"L";"004598629";"";"simon-john";"2022-08-18 14:48:47.574660";"";51;0;1500.0;1300.0;594
559;500.0;"D";"BX22080047";"";"simon-john";"2022-08-18 14:50:44.289943";"";42;0;6700.0;7200.0;2807
560;0.0;"R";"7323637";"";"simon-john";"2022-08-18 14:51:48.936602";"";25;0;300.0;300.0;74
561;0.0;"D";"114KS4P9N";"";"simon-john";"2022-08-18 14:52:29.317091";"";25;0;2056.0;2056.0;553
562;0.0;"D";"21680725";"";"simon-john";"2022-08-18 14:54:05.737565";"";25;0;1250.0;1250.0;525
563;-23.31;"L";"116LHGDD4";"";"simon-john";"2022-08-18 14:54:49.772971";"";25;0;1750.0;1726.69;474
564;-250.0;"L";"4595853";"";"simon-john";"2022-08-18 14:55:47.977862";"";25;0;1550.0;1300.0;526
565;50.0;"L";"114VT5YG3";"";"simon-john";"2022-08-18 14:57:29.308893";"";30;0;175.0;225.0;0
566;-330.24;"L";"112PNXL2R";"";"simon-john";"2022-08-18 14:58:30.839825";"";30;0;2500.0;2169.76;558
567;-150.0;"D";"917987";"";"simon-john";"2022-08-18 15:00:18.345401";"";30;0;2550.0;2400.0;1110
568;300.0;"L";"114DJ8L2L";"";"james";"2022-08-18 15:01:45.155259";"";48;0;1426.69;1726.69;474
569;0.0;"D";"1191779";"";"simon-john";"2022-08-18 15:01:46.552280";"";30;0;2400.0;2400.0;813
570;-150.0;"L";"5152085";"";"simon-john";"2022-08-18 15:02:58.241934";"";43;1;1400.0;1250.0;419
571;0.0;"L";"136319640";"";"simon-john";"2022-08-18 15:02:58.241934";"";43;0;1600.0;1600.0;476
572;86.19;"L";"112Z721GB";"";"simon-john";"2022-08-18 15:05:56.510301";"";43;0;1650.0;1736.19;474
573;-100.0;"L";"1733540";"";"simon-john";"2022-08-18 15:06:45.408784";"";43;0;1300.0;1200.0;444
574;76.69;"L";"1136CSBTY";"";"simon-john";"2022-08-18 15:07:17.048312";"";43;0;1650.0;1726.69;474
575;0.0;"D";"";"108052";"bekzod";"2022-08-19 06:34:02.663694";"";49;0;2000.0;2000.0;615
576;-250.0;"D";"";"108040";"bekzod";"2022-08-18 07:41:45.794927";"";26;0;1700.0;1450.0;748
577;-300.0;"D";"";"108042";"bekzod";"2022-08-18 11:13:07.109401";"";21;0;2600.0;2300.0;742
578;-200.0;"D";"";"108001";"bekzod";"2022-08-17 08:11:15.212778";"";21;0;2100.0;1900.0;690
579;0.0;"D";"";"107945";"bekzod";"2022-08-15 11:39:12.538854";"";21;0;1700.0;1700.0;601
580;-200.0;"D";"";"108043";"bekzod";"2022-08-18 11:49:45.557251";"Comp trl move: $500 from comp bdgt, $200 from drv bdgt";49;0;700.0;500.0;214
581;82.0;"S";"";"108020";"bekzod";"2022-08-18 06:22:03.649032";"";49;0;1627.0;1709.0;506
582;86.0;"D";"";"107986";"bekzod";"2022-08-16 05:17:42.181669";"";49;0;1650.0;1736.0;474
583;0.0;"D";"";"107968";"bekzod";"2022-08-16 08:49:57.923486";"";45;0;1900.0;1900.0;1090
584;-100.0;"D";"";"107898";"bekzod";"2022-08-13 11:46:11.134768";"";45;0;441.0;341.0;98
585;200.0;"D";"";"108046";"bekzod";"2022-08-19 07:20:46.694442";"";49;0;1600.0;1800.0;547
586;300.0;"D";"112WVL6L2";"107989";"max";"2022-08-19 11:49:30.516132";"";7;0;2400.0;2700.0;600
587;-50.0;"D";"22356";"108029";"max";"2022-08-19 11:50:08.070024";"";7;0;1500.0;1450.0;600
588;400.0;"D";"115M2DPL4";"108015";"max";"2022-08-19 11:52:14.565105";"";11;0;2300.0;2700.0;600
589;100.0;"D";"100707";"108041";"max";"2022-08-19 11:52:36.088521";"";11;0;1500.0;1600.0;600
590;400.0;"D";"1134WF88D";"";"max";"2022-08-19 11:53:06.338039";"";11;0;2300.0;2700.0;600
591;400.0;"D";"114QVVBFQ";"";"hannah";"2022-08-19 11:53:19.342392";"";35;0;2300.0;2700.0;603
592;-50.0;"D";"3271980";"";"hannah";"2022-08-19 11:54:58.649879";"";35;1;1500.0;1450.0;620
593;-150.0;"D";"S111219915";"";"hannah";"2022-08-19 11:56:08.204790";"";64;0;1500.0;1350.0;620
594;0.0;"D";"576";"108004";"max";"2022-08-19 11:56:08.844225";"";34;0;1500.0;1500.0;600
595;400.0;"D";"115Z44H1F";"";"max";"2022-08-19 11:57:04.111964";"";34;0;2300.0;2700.0;600
596;-450.0;"D";"";"000000";"bekzod";"2022-08-19 12:22:33.710221";"";60;1;1500.0;1050.0;630
597;100.0;"D";"";"000000";"bekzod";"2022-08-19 12:22:45.386505";"";60;1;2000.0;2100.0;612
598;200.0;"D";"";"000000";"bekzod";"2022-08-19 12:22:33.710221";"";60;0;1600.0;1800.0;535
599;-200.0;"D";"";"000000";"bekzod";"2022-08-19 13:38:15.037229";"";26;0;1700.0;1500.0;634
600;-50.0;"D";"115WF2MZF";"100564";"alex";"2022-08-19 13:45:10.666042";"";55;0;1000.0;950.0;390
601;-200.0;"D";"1201230";"100585";"alex";"2022-08-19 13:47:11.740679";"";55;0;2000.0;1800.0;530
602;-100.0;"D";"FL-3026";"";"alex";"2022-08-19 13:48:21.705261";"";54;0;1500.0;1400.0;489
603;-23.31;"D";"";"";"alex";"2022-08-19 13:52:00.187878";"";54;0;1750.0;1726.69;489
604;0.0;"D";"";"";"alex";"2022-08-19 13:52:15.319939";"";54;0;1800.0;1800.0;459
605;0.0;"D";"2919573";"";"alex";"2022-08-19 13:52:37.110207";"";54;0;2600.0;2600.0;996
606;0.0;"D";"C1638";"";"alex";"2022-08-19 13:53:04.667834";"";65;0;1800.0;1800.0;470
607;0.0;"D";"90856";"";"alex";"2022-08-19 13:54:14.221781";"";65;0;150.0;150.0;890
608;0.0;"D";"21738757";"";"alex";"2022-08-19 13:54:42.049672";"";65;0;2500.0;2500.0;909
609;-200.0;"D";"LD3748918";"";"alex";"2022-08-19 13:55:24.577683";"";65;0;1900.0;1700.0;684
610;23.0;"D";"113Y63FJ3";"";"alex";"2022-08-19 13:58:00.556661";"";65;0;2750.0;2773.0;761
611;-50.0;"D";"115WF2MZF";"";"alex";"2022-08-19 13:58:48.605939";"";59;0;1000.0;950.0;390
612;0.0;"D";"116BR21PJ";"";"james";"2022-08-20 08:09:23.420909";"";37;0;768.26;768.26;278
613;200.0;"D";"0386872";"";"james";"2022-08-20 08:12:43.928406";"";48;0;1800.0;2000.0;426
614;-300.0;"D";"";"000000";"bekzod";"2022-08-19 12:22:45.386505";"";60;1;2400.0;2100.0;612
615;100.0;"D";"C1645";"108064";"ulugbek";"2022-08-20 13:07:52.852116";"";44;0;1800.0;1900.0;460
616;-150.0;"D";"1136D2TQ2";"108064";"ulugbek";"2022-08-20 13:08:21.464920";"";24;0;1900.0;1750.0;446
617;-100.0;"D";"114YDYPZS";"108066";"ulugbek";"2022-08-20 13:08:46.450678";"";8;0;1850.0;1750.0;446
618;-200.0;"D";"1336615";"108067";"ulugbek";"2022-08-20 13:09:18.700580";"";14;0;1200.0;1000.0;441
619;-150.0;"D";"12150789";"108068";"ulugbek";"2022-08-20 13:09:49.420793";"";6;0;1250.0;1100.0;435
620;100.0;"D";"C1646";"108070";"ulugbek";"2022-08-20 13:10:36.526158";"";36;0;1800.0;1900.0;460
621;-150.0;"D";"2165970";"108091";"ulugbek";"2022-08-20 13:11:30.141575";"";8;0;1250.0;1100.0;392
622;-300.0;"D";"BR794987";"108094";"ulugbek";"2022-08-20 13:11:59.087993";"";24;0;1300.0;1000.0;399
623;0.0;"D";"";"000000";"bekzod";"2022-08-20 15:01:48.519267";"";26;0;1127.15;1127.15;401
624;-300.0;"L";"108109";"";"bekzod";"2022-08-22 07:13:15.721821";"";21;0;3000.0;2700.0;612
625;-300.0;"D";"";"108098";"bekzod";"2022-08-22 07:13:47.026851";"";60;0;2400.0;2100.0;612
626;0.0;"D";"";"108104";"bekzod";"2022-08-22 07:14:25.026286";"";26;0;1127.0;1127.0;400
627;0.0;"D";"";"108101";"bekzod";"2022-08-22 07:14:50.916283";"";49;0;1600.0;1600.0;580
628;-200.0;"D";"";"000000";"bekzod";"2022-08-22 07:22:13.635407";"";45;0;2002.0;1802.0;845
629;76.69;"L";"112CY2GLX";"";"simon-john";"2022-08-22 07:43:46.897391";"";52;0;1650.0;1726.69;474
630;-250.0;"D";"4595853";"";"simon-john";"2022-08-22 07:45:53.602866";"";25;0;1550.0;1300.0;526
631;76.69;"L";"1162Y2FYS";"";"simon-john";"2022-08-22 07:46:46.943927";"";25;0;1650.0;1726.69;474
632;0.0;"D";"112BZ9SHC";"";"simon-john";"2022-08-22 07:47:29.093558";"";25;0;800.0;800.0;200
633;-100.0;"D";"115FZHBPM";"";"simon-john";"2022-08-22 07:49:09.609151";"";43;0;2000.0;1900.0;561
634;-300.0;"D";"";"000000";"bekzod";"2022-08-22 09:28:02.058542";"";60;1;2100.0;1800.0;750
635;-100.0;"D";"";"000000";"bekzod";"2022-08-22 09:58:26.804254";"";21;0;1600.0;1500.0;600
636;0.0;"D";"";"000000";"bekzod";"2022-08-19 12:22:45.386505";"";60;0;0.0;0.0;612
637;-50.0;"D";"3271980";"108089";"hannah";"2022-08-22 11:26:29.749999";"";35;1;1500.0;1450.0;632
638;400.0;"D";"116JJP25V";"108088";"hannah";"2022-08-22 11:27:05.040384";"";28;0;2300.0;2700.0;610
639;400.0;"D";"113TSRYKW";"108093";"hannah";"2022-08-22 11:27:29.664884";"";64;0;2300.0;2700.0;610
640;300.0;"D";"114SRJPJ4";"";"hannah";"2022-08-22 11:28:28.288030";"";35;0;2400.0;2700.0;623
641;-200.0;"D";"21759057";"";"hannah";"2022-08-22 11:29:21.744251";"";28;1;1600.0;1400.0;623
642;-100.0;"D";"T-113TJLYFR";"";"hannah";"2022-08-22 11:30:25.433954";"";16;0;1000.0;900.0;286
643;0.0;"D";"116Q6644X";"108079";"hannah";"2022-08-22 11:33:18.846515";"";16;0;1250.0;1250.0;183
644;-250.0;"D";"";"000000";"bekzod";"2022-08-22 13:03:15.387278";"";26;1;1900.0;1650.0;459
645;-250.0;"D";"";"108143";"bekzod";"2022-08-22 13:03:15.387278";"";26;0;1900.0;1650.0;459
646;-300.0;"D";"";"108140";"bekzod";"2022-08-22 09:28:02.058542";"";60;0;2100.0;1800.0;750
647;-150.0;"D";"21685970";"108091";"ulugbek";"2022-08-22 14:36:01.356134";"";8;0;1250.0;1100.0;392
648;100.0;"D";"C1647";"108095";"ulugbek";"2022-08-22 14:36:34.953783";"";67;0;1800.0;1900.0;460
649;-200.0;"D";"795535";"108110";"ulugbek";"2022-08-22 14:37:20.082231";"";67;0;1200.0;1000.0;399
650;100.0;"D";"C1663";"108111";"ulugbek";"2022-08-22 14:37:42.096983";"";8;0;1800.0;1900.0;460
651;0.0;"D";"112RVBYJ4";"108120";"ulugbek";"2022-08-22 14:38:15.104341";"";44;0;800.0;800.0;189
652;14.0;"D";"113DRVZJ1";"108119";"ulugbek";"2022-08-22 14:38:50.270089";"";44;0;1100.0;1114.0;325
653;-300.0;"D";"115SGMDLW";"108126";"ulugbek";"2022-08-22 14:39:46.600609";"";36;0;3000.0;2700.0;1218
654;100.0;"D";"C1666";"108127";"ulugbek";"2022-08-22 14:40:08.781424";"";67;0;1800.0;1900.0;460
655;0.0;"D";"22-013129";"108129";"ulugbek";"2022-08-22 14:40:32.735964";"";8;0;2600.0;2600.0;432
656;100.0;"D";"C1665";"108130";"ulugbek";"2022-08-22 14:41:02.930894";"";6;0;1800.0;1900.0;460
657;-150.0;"D";"4220429";"108138";"ulugbek";"2022-08-22 14:41:25.216723";"";17;0;1300.0;1150.0;432
658;0.0;"D";"";"000000";"bekzod";"2022-08-23 08:02:02.889286";"";60;0;1700.0;1700.0;550
659;0.0;"D";"";"000000";"bekzod";"2022-08-23 08:48:33.409186";"";45;0;947.0;947.0;180
660;-24.0;"D";"115RRZYZN";"100595";"alex";"2022-08-23 11:52:28.444373";"";54;0;1750.0;1726.0;475
661;-150.0;"D";"1156615";"108163";"hannah";"2022-08-23 11:54:36.967110";"";35;0;1600.0;1450.0;623
662;-100.0;"D";"2011168";"108162";"hannah";"2022-08-23 11:55:28.632165";"";64;0;1500.0;1400.0;612
663;0.0;"D";"1135KHP5Q";"108166";"hannah";"2022-08-23 11:56:41.998862";"";16;0;614.37;614.37;214
664;0.0;"D";"111V3QLS2";"108153";"hannah";"2022-08-23 11:57:14.290906";"";16;0;1900.0;1900.0;383
665;400.0;"D";"112JGN9YV";"";"hannah";"2022-08-23 11:58:23.450272";"";28;0;2300.0;2700.0;610
666;0.0;"D";"112DXKJT1";"100603";"alex";"2022-08-23 11:58:25.993297";"";54;0;1150.0;1150.0;344
667;400.0;"D";"111CW4ZJK";"";"hannah";"2022-08-23 11:58:59.256625";"";64;0;2300.0;2700.0;610
668;400.0;"D";"111Q3QJ7G";"";"hannah";"2022-08-23 11:59:35.553329";"";35;0;2300.0;2700.0;610
669;0.0;"D";"114PK6YCV";"100607";"alex";"2022-08-23 12:00:19.142619";"";54;0;900.0;900.0;175
670;0.0;"D";"1137ZZ7P3";"100615";"alex";"2022-08-23 12:02:32.732634";"CANCELED TONU: $150";54;0;0.0;0.0;241
671;0.0;"D";"1137ZZ7P3";"100615";"alex";"2022-08-23 12:02:32.741997";"CANCELED TONU: $150";54;0;0.0;0.0;241
672;0.0;"D";"T-116R8DQ92";"100620";"alex";"2022-08-23 12:03:31.259892";"";54;0;850.0;850.0;262
673;23.0;"D";"113Y63FJ3";"100623";"alex";"2022-08-23 12:13:30.276271";"";65;0;2750.0;2773.0;762
674;0.0;"D";"113JYPTZW";"100594";"alex";"2022-08-23 12:14:57.889267";"";65;0;3000.0;3000.0;1177
675;-150.0;"D";"15474093";"100617";"alex";"2022-08-23 12:16:00.616147";"";65;0;2800.0;2650.0;1222
676;-300.0;"D";"";"000000";"bekzod";"2022-08-23 12:28:00.191209";"";26;0;2800.0;2500.0;1150
677;-200.0;"D";"5430482";"100624";"alex";"2022-08-23 12:51:40.211408";"";56;0;4900.0;4700.0;2275
678;0.0;"D";"T-112GM81N7";"100593";"alex";"2022-08-23 13:01:47.323433";"";59;0;1000.0;1000.0;227
679;0.0;"D";"114194Z7G";"100597";"alex";"2022-08-23 13:02:53.317886";"";59;0;900.0;900.0;323
680;0.0;"D";"1127QYMJZ";"100601";"alex";"2022-08-23 13:03:35.546084";"";59;0;1726.0;1726.0;475
681;0.0;"D";"115HJSPHT";"100608";"alex";"2022-08-23 13:04:55.185875";"";59;0;1726.0;1726.0;475
682;200.0;"D";"136363416";"100614";"alex";"2022-08-23 13:05:50.038340";"";59;0;1600.0;1800.0;460
683;-200.0;"D";"";"108187";"bekzod";"2022-08-24 06:25:21.108350";"";21;0;2000.0;1800.0;640
684;-200.0;"D";"21714070";"";"james";"2022-08-24 10:54:54.149454";"";48;0;1500.0;1300.0;623
685;0.0;"D";"2081983";"";"james";"2022-08-24 10:55:54.020224";"";37;0;1450.0;1450.0;326
686;-200.0;"D";"242969";"";"james";"2022-08-24 10:56:17.728124";"";37;0;1700.0;1500.0;810
687;-100.0;"D";"22-013185";"108154";"ulugbek";"2022-08-24 11:15:08.986472";"";6;0;1300.0;1200.0;432
688;0.0;"D";"FF310";"108155";"ulugbek";"2022-08-24 11:15:35.895432";"";67;0;1300.0;1300.0;460
689;-150.0;"D";"001 448385";"108156";"ulugbek";"2022-08-24 11:16:08.564609";"";36;0;1300.0;1150.0;454
690;100.0;"D";"C1668";"108157";"ulugbek";"2022-08-24 11:16:41.371653";"";14;0;1800.0;1900.0;460
691;-100.0;"D";"114L6L7VM";"108172";"ulugbek";"2022-08-24 11:17:16.143092";"";8;0;2200.0;2100.0;620
692;-100.0;"D";"111CKRYP4";"108171";"ulugbek";"2022-08-24 11:17:49.300977";"";8;0;751.07;651.07;213
693;-300.0;"D";"21750741";"108190";"ulugbek";"2022-08-24 11:18:26.049144";"";44;0;2150.0;1850.0;671
694;800.0;"D";"22-013197";"108189";"ulugbek";"2022-08-24 11:18:45.771370";"";61;0;1800.0;2600.0;432
695;-208.58;"D";"T-1157M2FT7";"108185";"ulugbek";"2022-08-24 11:19:55.311829";"";17;0;900.0;691.42;254
696;-400.0;"D";"";"000000";"bekzod";"2022-08-24 12:00:06.600399";"";60;0;2900.0;2500.0;1125
697;76.69;"L";"115ZJQLZ4";"";"james";"2022-08-24 14:43:36.747996";"";48;0;1650.0;1726.69;474
698;76.69;"L";"114L7BL91";"";"james";"2022-08-24 14:44:12.791289";"";37;1;1650.0;1726.69;474
699;-200.0;"D";"";"108208";"bekzod";"2022-08-25 06:59:44.203188";"";49;0;1600.0;1400.0;712
700;-150.0;"D";"2922251";"";"hannah";"2022-08-25 07:54:47.615593";"";35;0;1600.0;1450.0;635
701;-150.0;"D";"2922256";"";"hannah";"2022-08-25 07:55:29.360811";"";64;0;1600.0;1450.0;635
702;0.0;"D";"112ZN7RTY";"108153";"hannah";"2022-08-25 07:56:47.241850";"";16;0;1150.0;1150.0;178
703;-250.0;"D";"3284692";"108207";"hannah";"2022-08-25 07:58:23.925891";"";28;1;1600.0;1350.0;621
704;400.0;"D";"1139QLVQG";"";"hannah";"2022-08-25 07:58:50.826859";"";28;0;2300.0;2700.0;609
705;-50.0;"D";"3271980";"";"hannah";"2022-08-19 11:54:58.649879";"";35;0;1500.0;1450.0;620
706;-50.0;"D";"3271980";"108089";"hannah";"2022-08-22 11:26:29.749999";"";35;0;1500.0;1450.0;632
707;-100.0;"D";"16664";"108174";"max";"2022-08-25 08:21:37.068021";"";7;0;1500.0;1400.0;600
708;0.0;"D";"116LV9TSR";"108173";"max";"2022-08-25 08:22:24.244691";"";7;0;2100.0;2100.0;600
709;50.0;"D";"202768";"108197";"max";"2022-08-25 08:23:01.421116";"";7;0;1500.0;1550.0;600
710;-300.0;"D";"112H2D6RW";"108131";"max";"2022-08-25 08:24:20.701749";"";11;0;3000.0;2700.0;600
711;-500.0;"D";"SAM1035";"108108";"max";"2022-08-25 08:26:53.043374";"";11;1;500.0;0.0;70
712;-500.0;"L";"SAM1035";"108108";"max";"2022-08-25 08:26:53.043374";"";11;0;500.0;0.0;70
713;-100.0;"D";"4953255";"108188";"max";"2022-08-25 08:31:56.810398";"";11;0;1500.0;1400.0;600
714;400.0;"D";"11419ZQ1Y";"108223";"max";"2022-08-25 08:32:45.703051";"";11;0;2300.0;2700.0;600
715;100.0;"D";"C1648";"108103";"max";"2022-08-25 08:34:23.737462";"";24;0;1800.0;1900.0;600
716;-100.0;"D";"21759054";"108132";"max";"2022-08-25 08:35:13.751993";"";24;0;1500.0;1400.0;600
717;400.0;"D";"114DFQY7F";"108159";"max";"2022-08-25 08:35:52.462877";"";24;0;2300.0;2700.0;600
718;-50.0;"D";"3246363";"108205";"max";"2022-08-25 08:36:26.729829";"";24;0;1500.0;1450.0;600
719;400.0;"D";"114PCMKZJ";"108076";"max";"2022-08-25 08:38:05.302424";"";34;0;2300.0;2700.0;600
720;-100.0;"D";"1411282";"108133";"max";"2022-08-25 08:38:34.430178";"";34;0;1500.0;1400.0;600
721;400.0;"D";"113RWCW8Q";"108158";"max";"2022-08-25 08:39:04.965980";"";34;0;2300.0;2700.0;600
722;-300.0;"D";"11669Z3TV";"108222";"max";"2022-08-25 08:40:26.125300";"";34;0;3000.0;2700.0;1200
723;-150.0;"D";"";"000000";"bekzod";"2022-08-25 08:54:25.312736";"";45;0;2700.0;2550.0;1113
724;-200.0;"D";"";"000000";"bekzod";"2022-08-25 11:34:33.651617";"";21;0;1900.0;1700.0;522
725;-500.0;"D";"RECOVERY1020";"";"max";"2022-08-25 12:29:59.312059";"";24;0;500.0;0.0;36
726;0.0;"D";"356470";"108225";"max";"2022-08-25 12:30:50.314334";"";24;0;1900.0;1900.0;600
727;400.0;"D";"116FQM4XQ";"";"max";"2022-08-25 12:31:45.241883";"";7;0;2300.0;2700.0;600
728;100.0;"D";"C1664";"108107";"max";"2022-08-25 12:32:39.507301";"";10;0;1800.0;1900.0;460
729;-100.0;"D";"2460706";"108135";"max";"2022-08-25 12:33:12.322599";"";10;0;1300.0;1200.0;450
730;-100.0;"D";"116GVLDPK";"";"hannah";"2022-08-25 12:36:07.820484";"";16;0;1000.0;900.0;197
731;100.0;"D";"C1667";"108160";"max";"2022-08-25 12:36:34.760879";"";10;0;1800.0;1900.0;450
732;-100.0;"D";"331462-10806";"108196";"max";"2022-08-25 12:37:28.839207";"";10;0;1300.0;1200.0;450
733;300.0;"D";"113B8MZYQ";"";"hannah";"2022-08-25 12:37:52.604122";"";35;1;2400.0;2700.0;609
734;100.0;"D";"C1671";"108224";"max";"2022-08-25 12:38:02.985218";"";10;0;1800.0;1900.0;450
735;400.0;"D";"112CLJV6Q";"";"hannah";"2022-08-25 12:38:10.177914";"";64;0;2300.0;2700.0;609
736;-200.0;"D";"1588724";"";"hannah";"2022-08-25 12:39:11.563955";"";28;1;1600.0;1400.0;623
737;0.0;"D";"";"000000";"bekzod";"2022-08-25 15:08:10.701346";"";21;0;1700.0;1700.0;490
738;0.0;"D";"";"000000";"bekzod";"2022-08-25 15:08:41.900811";"";26;0;2800.0;2800.0;1111
739;-100.0;"D";"";"000000";"bekzod";"2022-08-26 08:26:07.985180";"";45;0;1035.0;935.0;360
743;-150.0;"D";"4113965";"108014";"simon-john";"2022-08-26 08:46:22.036569";"";38;0;1550.0;1400.0;500
741;-50.0;"D";"112ZZVXJJ";"";"hannah";"2022-08-26 08:37:36.490350";"";16;0;950.0;900.0;395
744;0.0;"D";"113B8MZYQ";"";"hannah";"2022-08-25 12:37:52.604122";"";35;0;0.0;0.0;0
745;158.58;"D";"116CSTV15";"108049";"simon-john";"2022-08-26 08:47:14.340860";"";38;0;2000.0;2158.58;550
746;0.0;"D";"2921571";"108083";"simon-john";"2022-08-26 08:48:55.431831";"";38;0;1300.0;1300.0;148
747;300.0;"D";"114MZ5HFY";"";"hannah";"2022-08-26 08:52:23.974119";"";28;0;2300.0;2600.0;609
748;-200.0;"D";"21759057";"";"hannah";"2022-08-22 11:29:21.744251";"";28;0;1600.0;1400.0;623
749;-250.0;"D";"3284692";"108207";"hannah";"2022-08-25 07:58:23.925891";"";28;0;1600.0;1350.0;621
750;-200.0;"D";"1588724";"";"hannah";"2022-08-25 12:39:11.563955";"";28;1;1600.0;1400.0;623
751;-200.0;"D";"1588724";"";"hannah";"2022-08-25 12:39:11.563955";"";28;0;1600.0;1400.0;623
752;-541.42;"L";"112HLJS27";"";"simon-john";"2022-08-26 08:56:28.372031";"";38;0;2700.0;2158.58;559
753;-200.0;"D";"1337104";"108144";"simon-john";"2022-08-26 08:57:15.572914";"";38;0;1300.0;1100.0;510
754;158.58;"D";"1123L8JL1";"108180";"simon-john";"2022-08-26 08:58:01.508212";"";38;0;2000.0;2158.58;550
755;-400.0;"D";"2461031";"108239";"simon-john";"2022-08-26 08:59:05.967210";"";38;0;1700.0;1300.0;650
756;0.0;"D";"112BZ9SHC";"108100";"simon-john";"2022-08-26 09:03:24.271786";"";25;0;800.0;800.0;200
757;-73.31;"D";"114BGDJVL";"108117";"simon-john";"2022-08-26 09:04:40.657818";"";25;0;1800.0;1726.69;474
758;200.0;"D";"136363432";"";"simon-john";"2022-08-26 09:21:47.077892";"";25;0;1600.0;1800.0;460
759;-200.0;"D";"158543";"";"simon-john";"2022-08-26 09:23:22.517707";"";25;0;1400.0;1200.0;444
760;76.69;"L";"113LVRNPB";"";"simon-john";"2022-08-26 09:24:24.692147";"";25;0;1650.0;1726.69;474
761;-50.0;"D";"MDT1116";"";"simon-john";"2022-08-26 09:25:00.410368";"";25;0;1500.0;1450.0;508
762;-100.0;"D";"113Z5824V";"";"simon-john";"2022-08-26 09:26:53.240026";"";43;0;1100.0;1000.0;332
763;0.0;"D";"2915056";"";"simon-john";"2022-08-26 09:27:21.744794";"";43;0;1200.0;1200.0;272
764;0.0;"D";"1233395";"";"simon-john";"2022-08-26 09:28:30.035869";"";52;0;2800.0;2800.0;760
765;100.0;"D";"1202134";"";"simon-john";"2022-08-26 09:28:53.624296";"";52;0;1700.0;1800.0;517
766;-250.0;"D";"21749548";"";"simon-john";"2022-08-26 09:30:57.936223";"";30;0;3500.0;3250.0;1450
767;0.0;"D";"S1307453";"";"simon-john";"2022-08-26 09:34:16.977126";"";30;0;1400.0;1400.0;330
768;0.0;"D";"116V86YQ7";"";"simon-john";"2022-08-26 09:35:32.459553";"";30;0;1285.45;1285.45;420
769;-500.0;"D";"21729865";"";"simon-john";"2022-08-26 09:37:53.131463";"";42;0;6400.0;5900.0;3000
770;0.0;"D";"11437166";"";"simon-john";"2022-08-26 09:38:40.768529";"";42;0;1800.0;1800.0;487
771;0.0;"D";"13555";"";"simon-john";"2022-08-26 09:39:35.524287";"";42;0;2000.0;2000.0;750
772;158.58;"L";"11667SQVM";"";"simon-john";"2022-08-26 09:42:01.578371";"";51;0;2000.0;2158.58;558
773;0.0;"D";"S1310061";"";"simon-john";"2022-08-26 09:43:00.825269";"";51;0;1500.0;1500.0;615
774;158.58;"L";"115RFXKJN";"";"simon-john";"2022-08-26 09:44:51.182149";"";51;0;2000.0;2158.58;550
775;50.0;"L";"21721684";"";"simon-john";"2022-08-26 09:46:33.943051";"";66;0;175.0;225.0;454
776;-123.31;"L";"1117SKQS6";"";"simon-john";"2022-08-26 09:47:03.704597";"";66;0;1850.0;1726.69;444
777;-673.31;"L";"111KLNX44";"";"simon-john";"2022-08-26 09:48:00.921099";"";66;0;2400.0;1726.69;849
778;200.0;"D";"136363414";"";"simon-john";"2022-08-26 09:48:48.539986";"";66;0;1600.0;1800.0;460
779;0.0;"D";"0042449";"";"simon-john";"2022-08-26 09:50:30.240759";"";66;0;2035.0;2035.0;716
780;0.0;"D";"21814236";"";"simon-john";"2022-08-26 09:51:28.629244";"";66;0;1900.0;1900.0;587
781;158.58;"L";"115V8C56Q";"";"simon-john";"2022-08-26 09:57:25.388815";"";47;0;2000.0;2158.58;548
782;-523.31;"L";"112GSCGWH";"";"simon-john";"2022-08-26 09:58:08.569947";"";47;0;2250.0;1726.69;800
783;100.0;"D";"136370898";"";"simon-john";"2022-08-26 09:58:57.419099";"";47;0;1300.0;1400.0;275
784;0.0;"D";"1149VXD66";"";"simon-john";"2022-08-26 09:59:48.227868";"";47;0;982.17;982.17;262
785;200.0;"D";"1202135";"";"simon-john";"2022-08-26 10:00:27.850445";"";47;0;1600.0;1800.0;510
786;76.69;"L";"113N4WCQH";"";"simon-john";"2022-08-26 10:01:29.793310";"";47;0;1650.0;1726.69;474
787;-100.0;"D";"0095270";"";"simon-john";"2022-08-26 10:02:02.381564";"";47;0;1400.0;1300.0;432
788;0.0;"D";"111WRZ1VW";"100645";"alex";"2022-08-26 10:11:07.020080";"";59;0;1250.0;1250.0;626
789;33.36;"S";"";"000000";"bekzod";"2022-08-26 11:53:34.164455";"";45;0;1078.78;1112.14;380
790;100.0;"D";"C1669";"108198";"ulugbek";"2022-08-26 12:23:10.793369";"";6;0;1800.0;1900.0;460
791;-400.0;"D";"3094858";"100636";"ulugbek";"2022-08-26 12:23:52.281063";"";61;0;1300.0;900.0;433
792;-100.0;"D";"5850770";"108199";"ulugbek";"2022-08-26 12:24:19.681402";"";14;0;1200.0;1100.0;447
793;-150.0;"D";"12176433";"108200";"ulugbek";"2022-08-26 12:24:54.186057";"";8;1;1300.0;1150.0;462
794;100.0;"D";"C1670";"108201";"ulugbek";"2022-08-26 12:25:28.706903";"";67;0;1800.0;1900.0;460
795;100.0;"D";"1046010";"108202";"ulugbek";"2022-08-26 12:26:00.255226";"";8;0;0.0;100.0;0
796;0.0;"D";"1145TB43P";"108213";"ulugbek";"2022-08-26 12:26:35.516824";"";17;0;1726.69;1726.69;474
797;0.0;"D";"108215";"108215";"ulugbek";"2022-08-26 12:27:05.828000";"";36;0;2000.0;2000.0;594
798;-200.0;"D";"22-013186";"108226";"ulugbek";"2022-08-26 12:27:35.305198";"";6;0;1400.0;1200.0;432
799;-100.0;"D";"11508772";"108227";"ulugbek";"2022-08-26 12:28:04.468187";"";67;0;1300.0;1200.0;456
800;-150.0;"D";"111N1M56C";"100644";"ulugbek";"2022-08-26 12:28:41.414500";"";61;0;2100.0;1950.0;666
801;100.0;"D";"C1672";"108237";"ulugbek";"2022-08-26 12:29:06.206663";"";14;0;1800.0;1900.0;460
802;0.0;"D";"112CB7JWF";"108236";"ulugbek";"2022-08-26 12:29:47.538081";"";44;0;1900.0;1900.0;560
803;400.0;"D";"22-013225";"108251";"ulugbek";"2022-08-26 12:30:08.262949";"";17;0;2200.0;2600.0;432
804;-23.31;"L";"114L7BL91";"";"james";"2022-08-24 14:44:12.791289";"";37;1;1750.0;1726.69;474
805;-23.31;"L";"114L7BL91";"";"james";"2022-08-24 14:44:12.791289";"";37;0;1750.0;1726.69;474
806;0.0;"L";"";"";"james";"2022-08-24 14:44:12.791289";"";37;1;0.0;0.0;0
807;0.0;"D";"0323844";"";"james";"2022-08-26 12:44:15.911856";"";48;0;1700.0;1700.0;598
808;76.69;"L";"111CP7M9D";"";"james";"2022-08-26 12:44:51.187009";"";48;0;1650.0;1726.69;474
809;300.0;"D";"1119CLKRB";"";"hannah";"2022-08-26 13:26:53.410290";"";35;0;2300.0;2600.0;609
810;-250.0;"D";"12176433";"108200";"ulugbek";"2022-08-26 12:24:54.186057";"";8;0;1400.0;1150.0;462
811;-273.31;"L";"115MSFZW4";"";"james";"2022-08-26 15:03:32.900443";"";37;1;2000.0;1726.69;474
812;-200.0;"D";"5152706";"";"james";"2022-08-24 14:44:12.791289";"";37;0;1400.0;1200.0;516
813;0.0;"L";"0";"";"james";"2022-08-26 15:03:32.900443";"";37;0;0.0;0.0;0
814;-273.31;"L";"115MSFZW4";"";"james";"2022-08-26 15:05:40.340275";"";46;0;2000.0;1726.69;474
815;-200.0;"D";"";"000000";"bekzod";"2022-08-27 07:08:26.802961";"";49;0;1000.0;800.0;280
816;0.0;"D";"T-1147X8KLF";"100650";"ulugbek";"2022-08-27 09:19:29.777406";"";61;0;656.08;656.08;126
817;0.0;"D";"339706";"108269";"ulugbek";"2022-08-27 09:19:56.034363";"";44;0;1550.0;1550.0;482
818;100.0;"D";"C1678";"108272";"ulugbek";"2022-08-27 09:20:24.640716";"";6;0;1800.0;1900.0;460
819;-300.0;"D";"11496B2HM";"108273";"ulugbek";"2022-08-27 09:21:06.639295";"";36;0;1500.0;1200.0;473
820;100.0;"D";"C1674";"108275";"ulugbek";"2022-08-27 09:21:25.472035";"";67;0;1800.0;1900.0;460
821;-300.0;"D";"1155RY8WY";"108284";"ulugbek";"2022-08-27 09:22:09.746713";"";8;0;1808.19;1508.19;440
822;-100.0;"D";"21834787";"108285";"ulugbek";"2022-08-27 09:22:38.168607";"";14;0;1300.0;1200.0;432
823;600.0;"D";"22-013295";"108290";"ulugbek";"2022-08-27 09:23:01.325987";"";61;0;2000.0;2600.0;600
824;0.0;"D";"113C96PML";"108291";"ulugbek";"2022-08-27 09:23:35.871706";"";44;0;1600.0;1600.0;392
825;0.0;"D";"";"000000";"bekzod";"2022-08-27 10:59:32.815209";"";26;0;2800.0;2800.0;1111
826;38.32;"S";"";"000000";"bekzod";"2022-08-27 11:13:25.857902";"";45;0;1239.14;1277.46;465
827;0.0;"D";"737906076";"";"samwillson";"2022-08-27 11:25:13.844541";"";69;1;2000.0;2000.0;698
828;0.0;"D";"";"";"samwillson";"2022-08-27 11:27:15.113753";"";68;0;1300.0;1300.0;590
829;0.0;"D";"";"";"samwillson";"2022-08-27 11:27:55.866832";"";68;0;5000.0;5000.0;1922
830;0.0;"D";"AG16575-A";"";"samwillson";"2022-08-27 11:28:24.274281";"";68;0;2000.0;2000.0;750
831;0.0;"D";"";"";"samwillson";"2022-08-27 11:29:23.054835";"";68;0;1500.0;1500.0;451
832;0.0;"D";"2121591";"100654";"alex";"2022-08-27 12:13:44.519301";"";59;0;1500.0;1500.0;549
833;0.0;"D";"66535823";"100655";"alex";"2022-08-27 12:14:25.101878";"";56;0;2500.0;2500.0;1084
834;0.0;"D";"112H81FXH";"100656";"alex";"2022-08-27 12:14:59.287786";"";65;0;1400.0;1400.0;656
835;-41.42;"D";"111L4GNSN";"100659";"alex";"2022-08-27 12:15:39.456540";"";54;0;2200.0;2158.58;559
836;0.0;"D";"113GQV9NZ";"100660";"alex";"2022-08-27 12:16:07.901397";"";65;0;1726.69;1726.69;474
837;-273.31;"D";"111J6G42T";"108292";"simon-john";"2022-08-27 14:42:53.773497";"";43;0;2000.0;1726.69;700
838;158.58;"D";"111MG2KWC";"108256";"simon-john";"2022-08-27 14:47:53.466618";"";38;0;2000.0;2158.58;550
839;-200.0;"D";"60121";"108280";"simon-john";"2022-08-27 14:54:23.739506";"";51;0;1200.0;1000.0;500
840;-200.0;"D";"8G70904";"108279";"simon-john";"2022-08-27 14:59:09.529316";"";30;0;1500.0;1300.0;511
841;0.0;"D";"1139WTZHL";"";"james";"2022-08-28 07:45:52.030105";"";46;0;1071.0;1071.0;322
842;0.0;"D";"115T3GR9L";"";"james";"2022-08-28 08:10:03.484058";"";48;0;591.52;591.52;178
843;0.0;"D";"8875";"";"james";"2022-08-28 14:17:36.537341";"";37;0;1000.0;1000.0;298
844;0.0;"D";"";"000000";"bekzod";"2022-08-29 06:38:23.271924";"";50;0;6200.0;6200.0;2410
845;-250.0;"D";"";"000000";"bekzod";"2022-08-29 06:38:54.723905";"";60;0;2400.0;2150.0;855
846;-150.0;"D";"";"000000";"bekzod";"2022-08-29 06:39:27.015897";"";21;0;1500.0;1350.0;617
847;100.0;"D";"";"000000";"bekzod";"2022-08-29 06:39:49.567154";"";49;0;2100.0;2200.0;780
848;0.0;"D";"";"000000";"bekzod";"2022-08-29 06:40:30.241823";"";45;0;640.56;640.56;226
849;-100.0;"D";"";"000000";"bekzod";"2022-08-29 07:43:34.702467";"";49;0;3000.0;2900.0;1248
850;-200.0;"D";"";"000000";"bekzod";"2022-08-29 07:43:56.953700";"";45;0;3600.0;3400.0;1390
851;-100.0;"D";"";"000000";"bekzod";"2022-08-29 09:33:42.159797";"";21;0;2200.0;2100.0;803
852;-400.0;"D";"112WMXHT5";"108293";"ulugbek";"2022-08-29 10:47:01.803732";"";17;0;3000.0;2600.0;1200
853;100.0;"D";"C1676";"108294";"ulugbek";"2022-08-29 10:47:34.068996";"";8;0;1800.0;1900.0;460
854;100.0;"D";"C1675";"100663";"ulugbek";"2022-08-29 10:47:54.309828";"";61;0;1800.0;1900.0;460
855;-700.0;"D";"SAM0827";"108296";"ulugbek";"2022-08-29 10:48:32.109331";"";6;0;700.0;0.0;460
856;-700.0;"D";"SAM0828";"108297";"ulugbek";"2022-08-29 10:48:55.136055";"";67;0;700.0;0.0;460
857;-100.0;"D";"116KCN2SY";"108309";"ulugbek";"2022-08-29 10:49:57.215219";"";36;0;1826.69;1726.69;474
858;0.0;"D";"116QQBJRG";"108327";"ulugbek";"2022-08-29 10:51:16.882797";"";6;0;2030.0;2030.0;552
859;-336.17;"D";"114MB95FV";"";"hannah";"2022-08-29 12:02:14.777946";"";64;0;1400.0;1063.83;464
860;0.0;"D";"AQRYX";"";"hannah";"2022-08-29 12:04:38.986956";"";16;0;300.0;300.0;5
861;0.0;"D";"111Z7V1M6";"";"hannah";"2022-08-29 12:05:34.057653";"";16;0;550.0;550.0;167
862;-100.0;"D";"11627G68N";"";"hannah";"2022-08-29 12:09:49.788293";"";16;0;820.0;720.0;266
863;-400.0;"D";"111N5ZXJL";"";"hannah";"2022-08-29 12:13:11.349758";"";35;0;3000.0;2600.0;1215
864;-400.0;"D";"1129HB78D";"";"hannah";"2022-08-29 12:13:53.704707";"";35;0;3000.0;2600.0;1215
865;0.0;"D";"T-1154G2B88";"";"hannah";"2022-08-29 12:14:33.761409";"";35;0;750.0;750.0;177
866;-100.0;"D";"112854BDR";"";"hannah";"2022-08-29 12:15:38.715864";"";16;0;1700.0;1600.0;617
867;-200.0;"D";"16727";"";"hannah";"2022-08-29 12:16:13.129076";"";28;0;1600.0;1400.0;620
868;-100.0;"D";"";"000000";"bekzod";"2022-08-29 14:27:29.794166";"";60;0;2100.0;2000.0;800
869;0.0;"D";"28390";"";"james";"2022-08-29 14:45:54.090066";"";48;1;2250.0;2250.0;1169
870;0.0;"D";"11431D3VH";"";"james";"2022-08-30 08:04:28.703027";"";46;0;2000.0;2000.0;920
871;0.0;"D";"";"000000";"bekzod";"2022-08-30 08:24:42.207339";"";45;0;1100.0;1100.0;340
872;200.0;"D";"";"000000";"bekzod";"2022-08-30 08:24:59.985357";"";50;0;5800.0;6000.0;1977
873;-300.0;"L";"";"000000";"bekzod";"2022-08-30 08:32:54.976888";"";49;0;3000.0;2700.0;1200
874;0.0;"D";"737906076";"";"samwillson";"2022-08-27 11:25:13.844541";"";69;0;2000.0;2000.0;698
875;0.0;"D";"";"";"samwillson";"2022-08-30 13:02:40.776488";"";69;0;1800.0;1800.0;934
876;-100.0;"D";"";"000000";"bekzod";"2022-08-30 13:02:55.422776";"";21;0;1000.0;900.0;350
877;300.0;"D";"";"000000";"bekzod";"2022-08-30 13:03:09.077648";"";21;0;1700.0;2000.0;444
878;-100.0;"D";"";"";"samwillson";"2022-08-30 13:03:10.919172";"";69;0;1000.0;900.0;418
879;250.0;"D";"";"";"samwillson";"2022-08-30 13:03:32.347022";"";69;0;1750.0;2000.0;452
880;0.0;"D";"";"";"samwillson";"2022-08-30 13:08:26.027522";"";26;0;2900.0;2900.0;1125
881;-150.0;"D";"";"";"samwillson";"2022-08-30 13:10:07.022747";"";68;0;2250.0;2100.0;870
882;0.0;"D";"";"";"samwillson";"2022-08-30 13:11:33.025186";"";36;0;728.0;728.0;184
883;0.0;"D";"";"";"samwillson";"2022-08-30 13:12:23.546645";"";36;0;575.0;575.0;78
884;0.0;"D";"";"";"samwillson";"2022-08-30 13:12:52.644250";"";36;0;1078.19;1078.19;347
885;-50.0;"D";"";"";"samwillson";"2022-08-30 13:13:48.768500";"";36;0;3250.0;3200.0;1333
886;-200.0;"D";"16739";"108387";"hannah";"2022-08-30 13:31:26.418319";"";35;0;1600.0;1400.0;620
887;-200.0;"D";"16740";"108369";"hannah";"2022-08-30 13:31:56.051463";"";64;0;1600.0;1400.0;620
888;0.0;"D";"830101";"108368";"hannah";"2022-08-30 13:32:33.906697";"";16;0;1600.0;1600.0;444
889;300.0;"D";"112Q3YJS8";"108386";"hannah";"2022-08-30 13:33:30.544128";"";28;0;2300.0;2600.0;620
890;-100.0;"D";"0505470";"";"hannah";"2022-08-30 13:34:00.557335";"";28;0;1500.0;1400.0;620
891;300.0;"D";"111MSWDGG";"";"hannah";"2022-08-30 13:34:57.351410";"";64;0;2300.0;2600.0;609
892;-50.0;"D";"100759";"";"hannah";"2022-08-30 13:35:20.794722";"";64;1;1500.0;1450.0;620
893;300.0;"D";"339710";"108271";"ulugbek";"2022-08-30 13:48:39.160727";"";8;0;1250.0;1550.0;482
894;-50.0;"D";"21820764";"108338";"ulugbek";"2022-08-30 13:49:08.188343";"";17;0;1800.0;1750.0;624
895;100.0;"D";"C1679";"108355";"ulugbek";"2022-08-30 13:49:27.608305";"";14;0;1800.0;1900.0;460
896;100.0;"D";"C1680";"108356";"ulugbek";"2022-08-30 13:49:52.958729";"";8;0;1800.0;1900.0;460
897;-500.0;"D";"08/29/2022";"108366";"ulugbek";"2022-08-30 13:50:20.064302";"";6;0;1550.0;1050.0;507
898;300.0;"D";"11226HBLW";"108375";"ulugbek";"2022-08-30 13:50:53.117462";"";17;0;2300.0;2600.0;609
899;100.0;"D";"C1682";"108376";"ulugbek";"2022-08-30 13:51:22.386231";"";6;0;1800.0;1900.0;460
900;-100.0;"D";"11518492";"108377";"ulugbek";"2022-08-30 13:51:51.204785";"";14;0;1200.0;1100.0;460
901;-100.0;"D";"11875773";"108379";"ulugbek";"2022-08-30 13:52:26.054264";"";8;0;1250.0;1150.0;469
902;-200.0;"D";"0387158";"100673";"ulugbek";"2022-08-30 13:52:50.602152";"";61;0;2000.0;1800.0;695
903;0.0;"D";"11685BHF9";"";"james";"2022-08-30 15:39:18.354319";"";46;1;2400.0;2400.0;734
904;0.0;"D";"0";"";"james";"2022-08-30 15:39:18.354319";"";46;0;0.0;0.0;0
905;0.0;"D";"11685BHF9";"";"james";"2022-08-30 15:40:43.445484";"";37;0;2400.0;2400.0;734
906;-100.0;"D";"2175112";"";"james";"2022-08-30 15:41:02.572261";"";48;0;1300.0;1200.0;600
907;0.0;"D";"28390";"";"james";"2022-08-29 14:45:54.090066";"";48;0;2250.0;2250.0;585
908;-64.0;"D";"";"000000";"bekzod";"2022-08-31 10:25:16.440250";"";60;0;2000.0;1936.0;670
909;300.0;"D";"112QZTHX2";"";"hannah";"2022-08-31 12:20:42.370098";"";35;0;2300.0;2600.0;610
910;-50.0;"D";"100759";"";"hannah";"2022-08-31 12:21:13.419670";"";35;1;1500.0;1450.0;620
911;-150.0;"D";"2917783LGT";"";"hannah";"2022-08-30 13:35:20.794722";"";64;0;1500.0;1350.0;620
912;-50.0;"D";"100759";"";"hannah";"2022-08-31 12:21:13.419670";"";35;0;1500.0;1450.0;620
913;300.0;"D";"1162GC3CC";"";"hannah";"2022-08-31 12:22:43.728877";"";28;0;2300.0;2600.0;610
914;-100.0;"D";"";"";"alex";"2022-08-31 15:05:13.188229";"";54;1;3600.0;3500.0;1511
915;100.0;"D";"";"";"alex";"2022-08-31 15:05:50.353847";"";56;0;2300.0;2400.0;740
916;-200.0;"D";"";"";"alex";"2022-08-31 15:06:21.853665";"";65;0;5000.0;4800.0;2239
917;0.0;"D";"";"";"alex";"2022-08-31 15:06:56.290709";"";59;0;3500.0;3500.0;1460
918;-300.0;"D";"";"";"alex";"2022-08-31 15:07:24.197068";"";59;0;1500.0;1200.0;517
919;0.0;"D";"";"";"alex";"2022-08-31 15:05:13.188229";"";54;0;1800.0;1800.0;516
920;-100.0;"D";"";"";"alex";"2022-08-31 15:09:10.091415";"";56;0;3600.0;3500.0;1511
921;-100.0;"D";"TNA-14899";"108370";"max";"2022-08-31 15:14:46.465244";"";7;0;1500.0;1400.0;600
922;51.14;"S";"1149Q6P1J";"";"james";"2022-08-31 15:24:28.081739";"";46;0;1227.38;1278.52;471
923;158.58;"L";"112GNNHP2";"";"simon-john";"2022-08-31 15:34:16.478641";"";51;0;2000.0;2158.58;548
924;100.0;"D";"1202927";"";"simon-john";"2022-08-31 15:34:51.870843";"";51;0;1700.0;1800.0;518
925;-19.07;"L";"114VBTCGL";"";"simon-john";"2022-08-31 15:35:35.129135";"";51;0;2200.0;2180.93;548
926;32.24;"D";"1164H65JW";"";"simon-john";"2022-08-31 15:37:17.009906";"";43;0;1540.0;1572.24;414
927;-200.0;"D";"4597634";"";"simon-john";"2022-08-31 15:38:13.783731";"";43;0;1500.0;1300.0;526
928;0.0;"D";"YYY000gh429";"";"simon-john";"2022-08-31 15:39:03.140855";"";43;0;1500.0;1500.0;530
929;0.0;"D";"1124K5JVK";"";"simon-john";"2022-08-31 15:41:10.610317";"";66;0;2000.0;2000.0;620
930;0.0;"D";"1203394";"";"simon-john";"2022-08-31 15:41:49.889275";"";66;0;1800.0;1800.0;530
931;200.0;"D";"9626982";"";"simon-john";"2022-08-31 15:42:25.564878";"";66;0;1800.0;2000.0;452
932;158.58;"L";"111MG2KWC";"";"simon-john";"2022-08-31 15:45:18.870294";"";38;0;2000.0;2158.58;558
933;-200.0;"D";"4017748";"";"simon-john";"2022-08-31 15:46:22.885787";"";38;0;1300.0;1100.0;544
934;158.58;"L";"116FJLK6V";"";"simon-john";"2022-08-31 15:47:05.182577";"";38;0;2000.0;2158.58;558
935;0.0;"D";"1203393";"";"simon-john";"2022-08-31 15:48:21.201337";"";38;0;1800.0;1800.0;520
936;-41.42;"L";"1122MN1WD";"";"simon-john";"2022-08-31 15:49:09.260821";"";38;0;2200.0;2158.58;545
937;-200.0;"D";"8G70904";"";"simon-john";"2022-08-31 15:52:01.023645";"";30;0;1500.0;1300.0;501
938;200.0;"D";"112DGQHVT";"";"simon-john";"2022-08-31 15:52:45.014889";"";30;0;2400.0;2600.0;608
939;200.0;"D";"1203395";"";"simon-john";"2022-08-31 15:53:23.618612";"";30;0;1600.0;1800.0;530
940;100.0;"D";"12166806";"";"simon-john";"2022-08-31 15:57:36.806558";"";42;0;2200.0;2300.0;554
941;100.0;"D";"1202926";"";"simon-john";"2022-08-31 15:58:10.877360";"";42;0;1700.0;1800.0;517
942;0.0;"D";"27473576";"";"simon-john";"2022-08-31 15:59:05.265691";"";42;0;2500.0;2500.0;757
943;0.0;"D";"115TZ5YKC";"";"simon-john";"2022-08-31 16:00:17.141937";"";25;0;1726.69;1726.69;474
944;0.0;"D";"7318108";"";"simon-john";"2022-08-31 16:00:50.061146";"";25;0;1050.0;1050.0;415
945;0.0;"D";"3000010259";"";"simon-john";"2022-08-31 16:01:28.828621";"";25;0;2500.0;2500.0;750
946;0.0;"D";"1203365";"";"simon-john";"2022-08-31 16:01:49.532390";"";25;0;1800.0;1800.0;515
947;0.0;"D";"115LSJ44X";"";"simon-john";"2022-08-31 16:02:26.877622";"";25;0;1600.0;1600.0;418
948;-100.0;"D";"0828601";"";"simon-john";"2022-08-31 16:03:39.303478";"";47;0;2700.0;2600.0;885
949;0.0;"D";"2195063";"";"simon-john";"2022-08-31 16:04:21.387204";"";47;0;1500.0;1500.0;488
950;200.0;"D";"4226929";"";"simon-john";"2022-08-31 16:05:35.051592";"";47;0;2500.0;2700.0;654
951;100.0;"D";"C1684";"108423";"ulugbek";"2022-09-01 07:27:55.052551";"";14;0;1800.0;1900.0;460
952;100.0;"D";"C1683";"108410";"ulugbek";"2022-09-01 07:28:15.538696";"";8;0;1800.0;1900.0;460
953;-150.0;"D";"3303201";"108411";"ulugbek";"2022-09-01 07:28:59.458692";"";6;0;1250.0;1100.0;453
954;-200.0;"D";"16759";"108412";"ulugbek";"2022-09-01 07:29:30.454428";"";44;0;1600.0;1400.0;605
955;-750.0;"D";"1127Xdw5Q";"";"ulugbek";"2022-09-01 07:30:10.328890";"";61;0;2750.0;2000.0;620
